original_name,normalized_name,volume,volume_unit,package_count,price,price_total,source_file
Material description,VALVOLINE Material description,,,1,100.00,0.00,
VAL HYBRID C5 0W20 DR 208 L,VALVOLINE HYBRID C5 0W20 DR 208 L,208,L,1,755.24,157090.07,
VAL HYBRID C5 0W20 KE 60 L,VALVOLINE HYBRID C5 0W20 KE 60 L,60,L,1,762.79,45767.46,
VAL HYBRID C5 0W20 PL 20 L,VALVOLINE HYBRID C5 0W20 PL 20 L,20,L,1,823.28,16465.66,
SYNPOWER XL-III C3 5W30 4/4 L SW,VALVOLINE SYNPOWER XL-III C3 5W30 4/4 L SW,4,L,4,753.28,12052.42,
VAL HYBRID C5 0W20 4/5 L SW,VALVOLINE HYBRID C5 0W20 4/5 L SW,5,L,4,854.00,17080.04,
VAL HYBRID C5 0W20 12/1 L SW,VALVOLINE HYBRID C5 0W20 12/1 L SW,1,L,12,900.38,10804.53,
VAL HYBRID VEHICLE C5 0W20 4/5 L NSW,VALVOLINE HYBRID VEHICLE C5 0W20 4/5 L NSW,5,L,4,854.00,17080.04,
VAL HYBRID VEHICLE C5 0W20 12/1 L NSW,VALVOLINE HYBRID VEHICLE C5 0W20 12/1 L NSW,1,L,12,900.38,10804.53,
VAL HYBRID C2 5W30 DR 208 L,VALVOLINE HYBRID C2 5W30 DR 208 L,208,L,1,744.93,154946.14,
VAL HYBRID C2 5W30 KE 60 L,VALVOLINE HYBRID C2 5W30 KE 60 L,60,L,1,766.01,45960.73,
VAL HYBRID C2 5W30 PL 20 L,VALVOLINE HYBRID C2 5W30 PL 20 L,20,L,1,816.84,16336.82,
VAL HYBRID C2 5W30 4/5 L SW,VALVOLINE HYBRID C2 5W30 4/5 L SW,5,L,4,844.98,16899.66,
VAL HYBRID VEHICLE C2 5W30 4/5 L NSW,VALVOLINE HYBRID VEHICLE C2 5W30 4/5 L NSW,5,L,4,844.98,16899.66,
VAL HYBRID C2 5W30 12/1 L SW,VALVOLINE HYBRID C2 5W30 12/1 L SW,1,L,12,892.65,10711.77,
VAL HYBRID VEHICLE C2 5W30 12/1 L NSW,VALVOLINE HYBRID VEHICLE C2 5W30 12/1 L NSW,1,L,12,892.65,10711.77,
VAL HYBRID C3 5W30 DR 208 L,VALVOLINE HYBRID C3 5W30 DR 208 L,208,L,1,738.49,153606.18,
VAL HYBRID C3 5W30 KE 60 L,VALVOLINE HYBRID C3 5W30 KE 60 L,60,L,1,759.57,45574.20,
VAL HYBRID C3 5W30 PL 20 L,VALVOLINE HYBRID C3 5W30 PL 20 L,20,L,1,807.82,16156.44,
VAL HYBRID C3 5W30 4/5 L SW,VALVOLINE HYBRID C3 5W30 4/5 L SW,5,L,4,837.25,16745.05,
VAL HYBRID VEHICLE C3 5W30 4/5 L NSW,VALVOLINE HYBRID VEHICLE C3 5W30 4/5 L NSW,5,L,4,837.25,16745.05,
VAL HYBRID C3 5W30 12/1 L SW,VALVOLINE HYBRID C3 5W30 12/1 L SW,1,L,12,891.04,10692.44,
VAL HYBRID VEHICLE C3 5W30 12/1 L NSW,VALVOLINE HYBRID VEHICLE C3 5W30 12/1 L NSW,1,L,12,891.04,10692.44,
SYNPOWER DX1 5W30 DR 208 L,VALVOLINE SYNPOWER DX1 5W30 DR 208 L,208,L,1,616.29,128188.90,
SYNPOWER DX1 5W30 KE 60 L,VALVOLINE SYNPOWER DX1 5W30 KE 60 L,60,L,1,652.09,39125.12,
SYNPOWER DX1 5W30 PL 20 L,VALVOLINE SYNPOWER DX1 5W30 PL 20 L,20,L,1,675.48,13509.67,
SYNPOWER DX1 5W30 4/5 L SW,VALVOLINE SYNPOWER DX1 5W30 4/5 L SW,5,L,4,691.01,13820.24,
SYNPOWER DX1 5W30 4/5 L NSW,VALVOLINE SYNPOWER DX1 5W30 4/5 L NSW,5,L,4,691.01,13820.24,
SYNPOWER DX1 5W30 12/1 L SW,VALVOLINE SYNPOWER DX1 5W30 12/1 L SW,1,L,12,733.85,8806.19,
SYNPOWER DX1 5W30 12/1 L NSW,VALVOLINE SYNPOWER DX1 5W30 12/1 L NSW,1,L,12,733.85,8806.19,
SYNPOWER XL-III C3 0W30 DR 208 L,VALVOLINE SYNPOWER XL-III C3 0W30 DR 208 L,208,L,1,772.05,160585.73,
SYNPOWER XL-III C3 0W30 4/5 L SW,VALVOLINE SYNPOWER XL-III C3 0W30 4/5 L SW,5,L,4,797.99,15959.80,
SYNPOWER XL-III C3 0W30 4/5 L NSW,VALVOLINE SYNPOWER XL-III C3 0W30 4/5 L NSW,5,L,4,797.99,15959.80,
SYNPOWER XL-III C3 0W30 12/1 L SW,VALVOLINE SYNPOWER XL-III C3 0W30 12/1 L SW,1,L,12,827.57,9930.81,
SYNPOWER XL-III C3 0W30 12/1 L NSW,VALVOLINE SYNPOWER XL-III C3 0W30 12/1 L NSW,1,L,12,827.57,9930.81,
SYNPOWER XL-III C3 5W30 DR 208 L,VALVOLINE SYNPOWER XL-III C3 5W30 DR 208 L,208,L,1,707.48,147156.00,
SYNPOWER XL-III C3 5W30 KE 60 L,VALVOLINE SYNPOWER XL-III C3 5W30 KE 60 L,60,L,1,729.20,43751.84,
SYNPOWER XL-III C3 5W30 PL 20 L,VALVOLINE SYNPOWER XL-III C3 5W30 PL 20 L,20,L,1,737.11,14742.24,
SYNPOWER XL-III C3 5W30 4/5L SW,VALVOLINE SYNPOWER XL-III C3 5W30 4/5L SW,5,L,4,748.48,14969.58,
SYNPOWER XL-III C3 5W30 4/5L NSW,VALVOLINE SYNPOWER XL-III C3 5W30 4/5L NSW,5,L,4,748.48,14969.58,
SYNPOWER XL-III C3 5W30 4/4 L NSW,VALVOLINE SYNPOWER XL-III C3 5W30 4/4 L NSW,4,L,4,753.28,12052.42,
SYNPOWER XL-III C3 5W30 12/1 L SW,VALVOLINE SYNPOWER XL-III C3 5W30 12/1 L SW,1,L,12,805.68,9668.15,
SYNPOWER XL-III C3 5W30 12/1 L NSW,VALVOLINE SYNPOWER XL-III C3 5W30 12/1 L NSW,1,L,12,805.68,9668.15,
SYNPOWER MST C3 5W30 DR 208 L,VALVOLINE SYNPOWER MST C3 5W30 DR 208 L,208,L,1,618.80,128710.81,
SYNPOWER MST C3 5W30 KE 60 L,VALVOLINE SYNPOWER MST C3 5W30 KE 60 L,60,L,1,648.17,38890.11,
SYNPOWER MST C3 5W30 PL 20 L,VALVOLINE SYNPOWER MST C3 5W30 PL 20 L,20,L,1,654.86,13097.19,
SYNPOWER MST C3 5W30 4/5 L SW,VALVOLINE SYNPOWER MST C3 5W30 4/5 L SW,5,L,4,675.56,13511.11,
SYNPOWER MST C3 5W30 4/5 L NSW,VALVOLINE SYNPOWER MST C3 5W30 4/5 L NSW,5,L,4,675.56,13511.11,
SYNPOWER MST C3 5W30 4/4 L SW,VALVOLINE SYNPOWER MST C3 5W30 4/4 L SW,4,L,4,691.64,11066.18,
SYNPOWER MST C3 5W30 4/4 L NSW,VALVOLINE SYNPOWER MST C3 5W30 4/4 L NSW,4,L,4,691.64,11066.18,
SYNPOWER MST C3 5W30 12/1 L SW,VALVOLINE SYNPOWER MST C3 5W30 12/1 L SW,1,L,12,759.94,9119.28,
SYNPOWER MST C3 5W30 12/1 L NSW,VALVOLINE SYNPOWER MST C3 5W30 12/1 L NSW,1,L,12,759.94,9119.28,
SYNPOWER RNO C3 5W30 DR 208 L,VALVOLINE SYNPOWER RNO C3 5W30 DR 208 L,208,L,1,689.86,143489.88,
SYNPOWER RNO C3 5W30 PL 20 L,VALVOLINE SYNPOWER RNO C3 5W30 PL 20 L,20,L,1,721.75,14435.02,
SYNPOWER RNO C3 5W30 4/5 L SW,VALVOLINE SYNPOWER RNO C3 5W30 4/5 L SW,5,L,4,725.04,14500.79,
SYNPOWER RNO C3 5W30 4/5 L NSW,VALVOLINE SYNPOWER RNO C3 5W30 4/5 L NSW,5,L,4,725.04,14500.79,
SYNPOWER RNO C3 5W30 12/1 L SW,VALVOLINE SYNPOWER RNO C3 5W30 12/1 L SW,1,L,12,819.85,9838.22,
SYNPOWER RNO C3 5W30 12/1 L NSW,VALVOLINE SYNPOWER RNO C3 5W30 12/1 L NSW,1,L,12,819.85,9838.22,
SYNPOWER MST C3 5W40 DR 208 L,VALVOLINE SYNPOWER MST C3 5W40 DR 208 L,208,L,1,634.53,131982.32,
SYNPOWER MST C3 5W40 KE 60 L,VALVOLINE SYNPOWER MST C3 5W40 KE 60 L,60,L,1,651.04,39062.69,
SYNPOWER MST C3 5W40 PL 20 L,VALVOLINE SYNPOWER MST C3 5W40 PL 20 L,20,L,1,662.88,13257.53,
SYNPOWER MST C3 5W40 4/5 L SW,VALVOLINE SYNPOWER MST C3 5W40 4/5 L SW,5,L,4,677.49,13549.74,
SYNPOWER MST C3 5W40 4/5 L NSW,VALVOLINE SYNPOWER MST C3 5W40 4/5 L NSW,5,L,4,677.49,13549.74,
SYNPOWER MST C3 5W40 12/1 L SW,VALVOLINE SYNPOWER MST C3 5W40 12/1 L SW,1,L,12,743.83,8926.01,
SYNPOWER MST C3 5W40 12/1 L NSW,VALVOLINE SYNPOWER MST C3 5W40 12/1 L NSW,1,L,12,743.83,8926.01,
SYNPOWER MST C4 5W30 DR 208 L,VALVOLINE SYNPOWER MST C4 5W30 DR 208 L,208,L,1,650.93,135393.85,
SYNPOWER MST C4 5W30 KE 60 L,VALVOLINE SYNPOWER MST C4 5W30 KE 60 L,60,L,1,665.86,39951.32,
SYNPOWER MST C4 5W30 PL 20 L,VALVOLINE SYNPOWER MST C4 5W30 PL 20 L,20,L,1,677.69,13553.74,
SYNPOWER MST C4 5W30 4/5 L SW,VALVOLINE SYNPOWER MST C4 5W30 4/5 L SW,5,L,4,707.05,14140.93,
SYNPOWER MST C4 5W30 4/5 L NSW,VALVOLINE SYNPOWER MST C4 5W30 4/5 L NSW,5,L,4,707.05,14140.93,
SYNPOWER MST C4 5W30 12/1 L SW,VALVOLINE SYNPOWER MST C4 5W30 12/1 L SW,1,L,12,743.83,8926.01,
SYNPOWER MST C4 5W30 12/1 L NSW,VALVOLINE SYNPOWER MST C4 5W30 12/1 L NSW,1,L,12,743.83,8926.01,
SYNPOWER MST C5 0W20 DR 208 L,VALVOLINE SYNPOWER MST C5 0W20 DR 208 L,208,L,1,721.99,150172.92,
SYNPOWER MST C5 0W20 KE 60 L,VALVOLINE SYNPOWER MST C5 0W20 KE 60 L,60,L,1,738.19,44291.62,
SYNPOWER MST C5 0W20 PL 20 L,VALVOLINE SYNPOWER MST C5 0W20 PL 20 L,20,L,1,746.17,14923.39,
SYNPOWER MST C5 0W20 12/1 L SW,VALVOLINE SYNPOWER MST C5 0W20 12/1 L SW,1,L,12,806.39,9676.71,
SYNPOWER MST C5 0W20 12/1 L NSW,VALVOLINE SYNPOWER MST C5 0W20 12/1 L NSW,1,L,12,806.39,9676.71,
SYNPOWER ENV C1 5W30 DR 208 L,VALVOLINE SYNPOWER ENV C1 5W30 DR 208 L,208,L,1,653.50,135928.50,
SYNPOWER ENV C1 5W30 PL 20 L,VALVOLINE SYNPOWER ENV C1 5W30 PL 20 L,20,L,1,676.40,13528.03,
SYNPOWER ENV C1 5W30 4/5 L SW,VALVOLINE SYNPOWER ENV C1 5W30 4/5 L SW,5,L,4,709.62,14192.34,
SYNPOWER ENV C1 5W30 4/5 L NSW,VALVOLINE SYNPOWER ENV C1 5W30 4/5 L NSW,5,L,4,709.62,14192.34,
SYNPOWER ENV C1 5W30 12/1 L SW,VALVOLINE SYNPOWER ENV C1 5W30 12/1 L SW,1,L,12,746.60,8959.20,
SYNPOWER ENV C1 5W30 12/1 L NSW,VALVOLINE SYNPOWER ENV C1 5W30 12/1 L NSW,1,L,12,746.60,8959.20,
SYNPOWER ENV C2 0W30 DR 208 L,VALVOLINE SYNPOWER ENV C2 0W30 DR 208 L,208,L,1,739.61,153839.04,
SYNPOWER ENV C2 0W30 KE 60 L,VALVOLINE SYNPOWER ENV C2 0W30 KE 60 L,60,L,1,770.32,46219.42,
SYNPOWER ENV C2 0W30 PL 20 L,VALVOLINE SYNPOWER ENV C2 0W30 PL 20 L,20,L,1,777.01,15540.29,
SYNPOWER ENV C2 0W30 4/5 L SW,VALVOLINE SYNPOWER ENV C2 0W30 4/5 L SW,5,L,4,801.85,16036.91,
SYNPOWER ENV C2 0W30 4/5 L NSW,VALVOLINE SYNPOWER ENV C2 0W30 4/5 L NSW,5,L,4,801.85,16036.91,
SYNPOWER ENV C2 0W30 12/1 L SW,VALVOLINE SYNPOWER ENV C2 0W30 12/1 L SW,1,L,12,823.71,9884.54,
SYNPOWER ENV C2 0W30 12/1 L NSW,VALVOLINE SYNPOWER ENV C2 0W30 12/1 L NSW,1,L,12,823.71,9884.54,
SYNPOWER ENV C2 5W30 DR 208 L,VALVOLINE SYNPOWER ENV C2 5W30 DR 208 L,208,L,1,714.89,148696.29,
SYNPOWER ENV C2 5W30 KE 60 L,VALVOLINE SYNPOWER ENV C2 5W30 KE 60 L,60,L,1,743.03,44581.71,
SYNPOWER ENV C2 5W30 PL 20 L,VALVOLINE SYNPOWER ENV C2 5W30 PL 20 L,20,L,1,748.43,14968.68,
SYNPOWER ENV C2 5W30 4/5 L SW,VALVOLINE SYNPOWER ENV C2 5W30 4/5 L SW,5,L,4,753.68,15073.62,
SYNPOWER ENV C2 5W30 4/5 L NSW,VALVOLINE SYNPOWER ENV C2 5W30 4/5 L NSW,5,L,4,753.68,15073.62,
SYNPOWER ENV C2 5W30 4/4 L SW,VALVOLINE SYNPOWER ENV C2 5W30 4/4 L SW,4,L,4,757.19,12115.08,
SYNPOWER ENV C2 5W30 4/4 L NSW,VALVOLINE SYNPOWER ENV C2 5W30 4/4 L NSW,4,L,4,757.19,12115.08,
SYNPOWER ENV C2 5W30 12/1 L SW,VALVOLINE SYNPOWER ENV C2 5W30 12/1 L SW,1,L,12,784.54,9414.53,
SYNPOWER ENV C2 5W30 12/1 L NSW,VALVOLINE SYNPOWER ENV C2 5W30 12/1 L NSW,1,L,12,784.54,9414.53,
SYNPOWER C2 5W30 DR 208 L,VALVOLINE SYNPOWER C2 5W30 DR 208 L,208,L,1,635.14,132109.62,
SYNPOWER C2 5W30 PL 20 L,VALVOLINE SYNPOWER C2 5W30 PL 20 L,20,L,1,658.04,13160.83,
SYNPOWER C2 5W30 4/5 L SW,VALVOLINE SYNPOWER C2 5W30 4/5 L SW,5,L,4,691.26,13825.14,
SYNPOWER C2 5W30 4/4 L SW,VALVOLINE SYNPOWER C2 5W30 4/4 L SW,4,L,4,702.17,11234.78,
SYNPOWER C2 5W30 12/1 L SW,VALVOLINE SYNPOWER C2 5W30 12/1 L SW,1,L,12,728.24,8738.88,
SYNPOWER XL-IV C5 0W20 DR 208 L,VALVOLINE SYNPOWER XL-IV C5 0W20 DR 208 L,208,L,1,762.74,158650.83,
SYNPOWER XL-IV C5 0W20 PL 20 L,VALVOLINE SYNPOWER XL-IV C5 0W20 PL 20 L,20,L,1,791.46,15829.15,
SYNPOWER XL-IV C5 0W20 4/5 L SW,VALVOLINE SYNPOWER XL-IV C5 0W20 4/5 L SW,5,L,4,841.69,16833.73,
SYNPOWER XL-IV C5 0W20 4/5 L NSW,VALVOLINE SYNPOWER XL-IV C5 0W20 4/5 L NSW,5,L,4,841.69,16833.73,
SYNPOWER XL-IV C5 0W20 12/1 L SW,VALVOLINE SYNPOWER XL-IV C5 0W20 12/1 L SW,1,L,12,872.55,10470.60,
SYNPOWER XL-IV C5 0W20 12/1 L NSW,VALVOLINE SYNPOWER XL-IV C5 0W20 12/1 L NSW,1,L,12,872.55,10470.60,
SYNPOWER JL C5 0W20 DR 208 L,VALVOLINE SYNPOWER JL C5 0W20 DR 208 L,208,L,1,748.24,155633.92,
SYNPOWER JL C5 0W20 PL 20 L,VALVOLINE SYNPOWER JL C5 0W20 PL 20 L,20,L,1,757.00,15140.04,
SYNPOWER JL C5 0W20 4/5 L SW,VALVOLINE SYNPOWER JL C5 0W20 4/5 L SW,5,L,4,779.60,15591.91,
SYNPOWER JL C5 0W20 4/5 L NSW,VALVOLINE SYNPOWER JL C5 0W20 4/5 L NSW,5,L,4,779.60,15591.91,
SYNPOWER JL C5 0W20 12/1 L SW,VALVOLINE SYNPOWER JL C5 0W20 12/1 L SW,1,L,12,852.06,10224.74,
SYNPOWER JL C5 0W20 12/1 L NSW,VALVOLINE SYNPOWER JL C5 0W20 12/1 L NSW,1,L,12,852.06,10224.74,
SYNPOWER FE 0W20 DR 208 L,VALVOLINE SYNPOWER FE 0W20 DR 208 L,208,L,1,684.35,142344.22,
SYNPOWER FE 0W20 PL 20 L,VALVOLINE SYNPOWER FE 0W20 PL 20 L,20,L,1,726.52,14530.49,
SYNPOWER FE 0W20 4/5 L SW,VALVOLINE SYNPOWER FE 0W20 4/5 L SW,5,L,4,734.04,14680.72,
SYNPOWER FE 0W20 4/5 L NSW,VALVOLINE SYNPOWER FE 0W20 4/5 L NSW,5,L,4,734.04,14680.72,
SYNPOWER FE 0W20 12/1 L SW,VALVOLINE SYNPOWER FE 0W20 12/1 L SW,1,L,12,760.74,9128.85,
SYNPOWER FE 0W20 12/1 L NSW,VALVOLINE SYNPOWER FE 0W20 12/1 L NSW,1,L,12,760.74,9128.85,
SYNPOWER MST FE C2 0W30 DR 208 L,VALVOLINE SYNPOWER MST FE C2 0W30 DR 208 L,208,L,1,783.39,162945.69,
SYNPOWER MST FE C2 0W30 PL 20 L,VALVOLINE SYNPOWER MST FE C2 0W30 PL 20 L,20,L,1,830.64,16612.80,
SYNPOWER MST FE C2 0W30 4/5 L SW,VALVOLINE SYNPOWER MST FE C2 0W30 4/5 L SW,5,L,4,834.41,16688.10,
SYNPOWER MST FE C2 0W30 4/5 L NSW,VALVOLINE SYNPOWER MST FE C2 0W30 4/5 L NSW,5,L,4,834.41,16688.10,
SYNPOWER MST FE C2 0W30 12/1 L SW,VALVOLINE SYNPOWER MST FE C2 0W30 12/1 L SW,1,L,12,877.61,10531.34,
SYNPOWER MST FE C2 0W30 12/1 L NSW,VALVOLINE SYNPOWER MST FE C2 0W30 12/1 L NSW,1,L,12,877.61,10531.34,
SYNPOWER MST FE C6 0W20 DR 208 L,VALVOLINE SYNPOWER MST FE C6 0W20 DR 208 L,208,L,1,716.48,149027.26,
SYNPOWER MST FE C6 0W20 PL 20 L,VALVOLINE SYNPOWER MST FE C6 0W20 PL 20 L,20,L,1,740.66,14813.23,
SYNPOWER MST FE C6 0W20 4/5 L SW,VALVOLINE SYNPOWER MST FE C6 0W20 4/5 L SW,5,L,4,761.94,15238.86,
SYNPOWER MST FE C6 0W20 4/5 L NSW,VALVOLINE SYNPOWER MST FE C6 0W20 4/5 L NSW,5,L,4,761.94,15238.86,
SYNPOWER MST FE C6 0W20 4/4 L SW,VALVOLINE SYNPOWER MST FE C6 0W20 4/4 L SW,4,L,4,769.31,12308.97,
SYNPOWER MST FE C6 0W20 4/4 L NSW,VALVOLINE SYNPOWER MST FE C6 0W20 4/4 L NSW,4,L,4,769.31,12308.97,
SYNPOWER MST FE C6 0W20 12/1 L SW,VALVOLINE SYNPOWER MST FE C6 0W20 12/1 L SW,1,L,12,828.85,9946.23,
SYNPOWER MST FE C6 0W20 12/1 L NSW,VALVOLINE SYNPOWER MST FE C6 0W20 12/1 L NSW,1,L,12,828.85,9946.23,
SYNPOWER FE 0W30 DR 208 L,VALVOLINE SYNPOWER FE 0W30 DR 208 L,208,L,1,721.25,150020.16,
SYNPOWER FE 0W30 PL 20 L,VALVOLINE SYNPOWER FE 0W30 PL 20 L,20,L,1,740.29,14805.89,
SYNPOWER FE 0W30 4/5 L SW,VALVOLINE SYNPOWER FE 0W30 4/5 L SW,5,L,4,801.85,16036.91,
SYNPOWER FE 0W30 4/5 L NSW,VALVOLINE SYNPOWER FE 0W30 4/5 L NSW,5,L,4,801.85,16036.91,
SYNPOWER FE 0W30 4/4 L SW,VALVOLINE SYNPOWER FE 0W30 4/4 L SW,4,L,4,793.12,12689.88,
SYNPOWER FE 0W30 4/4 L NSW,VALVOLINE SYNPOWER FE 0W30 4/4 L NSW,4,L,4,793.12,12689.88,
SYNPOWER FE 0W30 12/1 L SW,VALVOLINE SYNPOWER FE 0W30 12/1 L SW,1,L,12,823.71,9884.54,
SYNPOWER FE 0W30 12/1 L NSW,VALVOLINE SYNPOWER FE 0W30 12/1 L NSW,1,L,12,823.71,9884.54,
SYNPOWER LL-12 FE 0W30 PL 20 L,VALVOLINE SYNPOWER LL-12 FE 0W30 PL 20 L,20,L,1,758.65,15173.09,
SYNPOWER LL-12 FE 0W30 4/5 L SW,VALVOLINE SYNPOWER LL-12 FE 0W30 4/5 L SW,5,L,4,801.85,16036.91,
SYNPOWER LL-12 FE 0W30 12/1 L SW,VALVOLINE SYNPOWER LL-12 FE 0W30 12/1 L SW,1,L,12,823.71,9884.54,
SYNPOWER FE 5W20 DR 208 L,VALVOLINE SYNPOWER FE 5W20 DR 208 L,208,L,1,643.22,133789.92,
SYNPOWER FE 5W20 KE 60 L,VALVOLINE SYNPOWER FE 5W20 KE 60 L,60,L,1,650.74,39044.33,
SYNPOWER FE 5W20 PL 20 L,VALVOLINE SYNPOWER FE 5W20 PL 20 L,20,L,1,647.76,12955.20,
SYNPOWER FE 5W20 4/5 L SW,VALVOLINE SYNPOWER FE 5W20 4/5 L SW,5,L,4,686.48,13729.67,
SYNPOWER FE 5W20 4/5 L NSW,VALVOLINE SYNPOWER FE 5W20 4/5 L NSW,5,L,4,686.48,13729.67,
SYNPOWER FE 5W20 12/1 L SW,VALVOLINE SYNPOWER FE 5W20 12/1 L SW,1,L,12,715.76,8589.06,
SYNPOWER FE 5W20 12/1 L NSW,VALVOLINE SYNPOWER FE 5W20 12/1 L NSW,1,L,12,715.76,8589.06,
SYNPOWER FE 5W30 DR 208 L,VALVOLINE SYNPOWER FE 5W30 DR 208 L,208,L,1,629.45,130925.76,
SYNPOWER FE 5W30 KE 60 L,VALVOLINE SYNPOWER FE 5W30 KE 60 L,60,L,1,653.37,39202.23,
SYNPOWER FE 5W30 PL 20 L,VALVOLINE SYNPOWER FE 5W30 PL 20 L,20,L,1,656.21,13124.11,
SYNPOWER FE 5W30 4/5 L SW,VALVOLINE SYNPOWER FE 5W30 4/5 L SW,5,L,4,671.18,13423.67,
SYNPOWER FE 5W30 4/5 L NSW,VALVOLINE SYNPOWER FE 5W30 4/5 L NSW,5,L,4,671.18,13423.67,
SYNPOWER FE 5W30 12/1 L SW,VALVOLINE SYNPOWER FE 5W30 12/1 L SW,1,L,12,702.29,8427.50,
SYNPOWER FE 5W30 12/1 L NSW,VALVOLINE SYNPOWER FE 5W30 12/1 L NSW,1,L,12,702.29,8427.50,
SYNPOWER 0W40 DR 208 L,VALVOLINE SYNPOWER 0W40 DR 208 L,208,L,1,755.65,157174.20,
SYNPOWER 0W40 4/5 L SW,VALVOLINE SYNPOWER 0W40 4/5 L SW,5,L,4,827.49,16549.76,
SYNPOWER 0W40 4/5 L NSW,VALVOLINE SYNPOWER 0W40 4/5 L NSW,5,L,4,827.49,16549.76,
SYNPOWER 0W40 4/4 L SW,VALVOLINE SYNPOWER 0W40 4/4 L SW,4,L,4,837.43,13398.82,
SYNPOWER 0W40 4/4 L NSW,VALVOLINE SYNPOWER 0W40 4/4 L NSW,4,L,4,837.43,13398.82,
SYNPOWER 0W40 12/1 L SW,VALVOLINE SYNPOWER 0W40 12/1 L SW,1,L,12,855.78,10269.37,
SYNPOWER 0W40 12/1 L NSW,VALVOLINE SYNPOWER 0W40 12/1 L NSW,1,L,12,855.78,10269.37,
SYNPOWER DX1 0W20 DR 208 L,VALVOLINE SYNPOWER DX1 0W20 DR 208 L,208,L,1,653.50,135928.50,
SYNPOWER DX1 0W20 4/5 L SW,VALVOLINE SYNPOWER DX1 0W20 4/5 L SW,5,L,4,695.11,13902.25,
SYNPOWER DX1 0W20 4/5 L NSW,VALVOLINE SYNPOWER DX1 0W20 4/5 L NSW,5,L,4,695.11,13902.25,
SYNPOWER DX1 0W20 12/1 L SW,VALVOLINE SYNPOWER DX1 0W20 12/1 L SW,1,L,12,740.48,8885.76,
SYNPOWER DX1 0W20 12/1 L NSW,VALVOLINE SYNPOWER DX1 0W20 12/1 L NSW,1,L,12,740.48,8885.76,
SYNPOWER 5W30 DR 208 L,VALVOLINE SYNPOWER 5W30 DR 208 L,208,L,1,649.77,135151.99,
SYNPOWER 5W30 KE 60 L,VALVOLINE SYNPOWER 5W30 KE 60 L,60,L,1,677.54,40652.67,
SYNPOWER 5W30 PL 20 L,VALVOLINE SYNPOWER 5W30 PL 20 L,20,L,1,682.95,13659.00,
SYNPOWER 5W30 4/4 L SW,VALVOLINE SYNPOWER 5W30 4/4 L SW,4,L,4,693.67,11098.68,
SYNPOWER 5W30 4/4 L NSW,VALVOLINE SYNPOWER 5W30 4/4 L NSW,4,L,4,693.67,11098.68,
SYNPOWER 5W30 12/1 L SW,VALVOLINE SYNPOWER 5W30 12/1 L SW,1,L,12,738.34,8860.06,
SYNPOWER 5W30 12/1 L NSW,VALVOLINE SYNPOWER 5W30 12/1 L NSW,1,L,12,738.34,8860.06,
SYNPOWER MBO 5W40 PL 20 L,VALVOLINE SYNPOWER MBO 5W40 PL 20 L,20,L,1,605.35,12106.97,
SYNPOWER 5W40 DR 208 L,VALVOLINE SYNPOWER 5W40 DR 208 L,208,L,1,597.69,124319.10,
SYNPOWER 5W40 KE 60 L,VALVOLINE SYNPOWER 5W40 KE 60 L,60,L,1,603.25,36194.86,
SYNPOWER 5W40 PL 20 L,VALVOLINE SYNPOWER 5W40 PL 20 L,20,L,1,632.15,12643.08,
SYNPOWER 5W40 4/5 L SW,VALVOLINE SYNPOWER 5W40 4/5 L SW,5,L,4,628.71,12574.21,
SYNPOWER 5W40 4/5 L NSW,VALVOLINE SYNPOWER 5W40 4/5 L NSW,5,L,4,628.71,12574.21,
SYNPOWER 5W40 4/4 L SW,VALVOLINE SYNPOWER 5W40 4/4 L SW,4,L,4,639.13,10226.13,
SYNPOWER 5W40 4/4 L NSW,VALVOLINE SYNPOWER 5W40 4/4 L NSW,4,L,4,639.13,10226.13,
SYNPOWER 5W40 12/1 L SW,VALVOLINE SYNPOWER 5W40 12/1 L SW,1,L,12,725.15,8701.83,
SYNPOWER 5W40 12/1 L NSW,VALVOLINE SYNPOWER 5W40 12/1 L NSW,1,L,12,725.15,8701.83,
SYNPOWER 10W40 DR 208 L,VALVOLINE SYNPOWER 10W40 DR 208 L,208,L,1,546.83,113740.80,
SYNPOWER 10W40 KE 60 L,VALVOLINE SYNPOWER 10W40 KE 60 L,60,L,1,564.63,33877.83,
SYNPOWER 10W40 PL 20 L,VALVOLINE SYNPOWER 10W40 PL 20 L,20,L,1,564.22,11284.44,
SYNPOWER 10W40 4/5 L SW,VALVOLINE SYNPOWER 10W40 4/5 L SW,5,L,4,571.73,11434.67,
SYNPOWER 10W40 4/5 L NSW,VALVOLINE SYNPOWER 10W40 4/5 L NSW,5,L,4,571.73,11434.67,
SYNPOWER 10W40 4/4L SW,VALVOLINE SYNPOWER 10W40 4/4L SW,4,L,4,577.82,9245.05,
SYNPOWER 10W40 4/4L NSW,VALVOLINE SYNPOWER 10W40 4/4L NSW,4,L,4,577.82,9245.05,
SYNPOWER 10W40 12/1 L SW,VALVOLINE SYNPOWER 10W40 12/1 L SW,1,L,12,618.39,7420.63,
SYNPOWER 10W40 12/1 L NSW,VALVOLINE SYNPOWER 10W40 12/1 L NSW,1,L,12,618.39,7420.63,
VAL VR1 RACING 5W50 DR 208 L,VALVOLINE VR1 RACING 5W50 DR 208 L,208,L,1,698.23,145231.45,
VAL VR1 RACING 5W50 4/4 L SW,VALVOLINE VR1 RACING 5W50 4/4 L SW,4,L,4,825.63,13210.11,
VAL VR1 RACING 5W50 4/4 L NSW,VALVOLINE VR1 RACING 5W50 4/4 L NSW,4,L,4,825.63,13210.11,
VAL VR1 RACING 5W50 12/1 L SW,VALVOLINE VR1 RACING 5W50 12/1 L SW,1,L,12,890.71,10688.57,
VAL VR1 RACING 5W50 12/1 L NSW,VALVOLINE VR1 RACING 5W50 12/1 L NSW,1,L,12,890.71,10688.57,
VAL VR1 RACING 10W60 DR 208 L,VALVOLINE VR1 RACING 10W60 DR 208 L,208,L,1,721.74,150122.00,
VAL VR1 RACING 10W60 4/5 L SW,VALVOLINE VR1 RACING 10W60 4/5 L SW,5,L,4,795.70,15914.02,
VAL VR1 RACING 10W60 4/5 L NSW,VALVOLINE VR1 RACING 10W60 4/5 L NSW,5,L,4,795.70,15914.02,
VAL VR1 RACING 10W60 12/1 L SW,VALVOLINE VR1 RACING 10W60 12/1 L SW,1,L,12,835.96,10031.48,
VAL VR1 RACING 10W60 12/1 L NSW,VALVOLINE VR1 RACING 10W60 12/1 L NSW,1,L,12,835.96,10031.48,
VAL VR1 RACING 20W50 DR 208 L,VALVOLINE VR1 RACING 20W50 DR 208 L,208,L,1,647.50,134681.00,
VAL VR1 RACING 20W50 4/5 L SW,VALVOLINE VR1 RACING 20W50 4/5 L SW,5,L,4,698.48,13969.57,
VAL VR1 RACING 20W50 4/5 L NSW,VALVOLINE VR1 RACING 20W50 4/5 L NSW,5,L,4,698.48,13969.57,
VAL VR1 RACING 20W50 12/1 L SW,VALVOLINE VR1 RACING 20W50 12/1 L SW,1,L,12,776.96,9323.46,
VAL VR1 RACING 20W50 12/1 L NSW,VALVOLINE VR1 RACING 20W50 12/1 L NSW,1,L,12,776.96,9323.46,
MAXLIFE C3 5W30 DR 208 L,VALVOLINE MAXLIFE C3 5W30 DR 208 L,208,L,1,629.08,130849.39,
MAXLIFE C3 5W30 KE 60 L,VALVOLINE MAXLIFE C3 5W30 KE 60 L,60,L,1,656.86,39411.53,
MAXLIFE C3 5W30 PL 20 L,VALVOLINE MAXLIFE C3 5W30 PL 20 L,20,L,1,666.12,13322.40,
MAXLIFE C3 5W30 4/5 L SW,VALVOLINE MAXLIFE C3 5W30 4/5 L SW,5,L,4,677.49,13549.74,
MAXLIFE C3 5W30 4/5 L NSW,VALVOLINE MAXLIFE C3 5W30 4/5 L NSW,5,L,4,677.49,13549.74,
MAXLIFE C3 5W30 4/4 L SW,VALVOLINE MAXLIFE C3 5W30 4/4 L SW,4,L,4,682.28,10916.54,
MAXLIFE C3 5W30 4/4 L NSW,VALVOLINE MAXLIFE C3 5W30 4/4 L NSW,4,L,4,682.28,10916.54,
MAXLIFE C3 5W30 12/1 L SW,VALVOLINE MAXLIFE C3 5W30 12/1 L SW,1,L,12,712.21,8546.47,
MAXLIFE C3 5W30 12/1 L NSW,VALVOLINE MAXLIFE C3 5W30 12/1 L NSW,1,L,12,712.21,8546.47,
MAXLIFE 5W30 4/5 L SW,VALVOLINE MAXLIFE 5W30 4/5 L SW,5,L,4,603.86,12077.27,
MAXLIFE 5W30 4/5 L NSW,VALVOLINE MAXLIFE 5W30 4/5 L NSW,5,L,4,603.86,12077.27,
MAXLIFE 5W30 4/4 L SW,VALVOLINE MAXLIFE 5W30 4/4 L SW,4,L,4,608.66,9738.57,
MAXLIFE 5W30 4/4 L NSW,VALVOLINE MAXLIFE 5W30 4/4 L NSW,4,L,4,608.66,9738.57,
MAXLIFE 5W30 12/1 L SW,VALVOLINE MAXLIFE 5W30 12/1 L SW,1,L,12,663.74,7964.82,
MAXLIFE 5W30 12/1 L NSW,VALVOLINE MAXLIFE 5W30 12/1 L NSW,1,L,12,663.74,7964.82,
MAXLIFE 5W40 DR 208 L,VALVOLINE MAXLIFE 5W40 DR 208 L,208,L,1,581.90,121034.86,
MAXLIFE 5W40 KE 60 L,VALVOLINE MAXLIFE 5W40 KE 60 L,60,L,1,613.90,36833.79,
MAXLIFE 5W40 4/4 SW,VALVOLINE MAXLIFE 5W40 4/4 SW,4,L,4,629.04,10064.64,
MAXLIFE 5W40 4/4 NSW,VALVOLINE MAXLIFE 5W40 4/4 NSW,4,L,4,629.04,10064.64,
MAXLIFE 5W40 12/1 L SW,VALVOLINE MAXLIFE 5W40 12/1 L SW,1,L,12,657.68,7892.12,
MAXLIFE 5W40 12/1 L NSW,VALVOLINE MAXLIFE 5W40 12/1 L NSW,1,L,12,657.68,7892.12,
MAXLIFE 10W40 DR 208 L,VALVOLINE MAXLIFE 10W40 DR 208 L,208,L,1,545.55,113473.48,
MAXLIFE 10W40 KE 60 L,VALVOLINE MAXLIFE 10W40 KE 60 L,60,L,1,568.18,34090.81,
MAXLIFE 10W40 PL 20 L,VALVOLINE MAXLIFE 10W40 PL 20 L,20,L,1,572.30,11446.01,
MAXLIFE 10W40 4/5 L SW,VALVOLINE MAXLIFE 10W40 4/5 L SW,5,L,4,574.67,11493.42,
MAXLIFE 10W40 4/5 L NSW,VALVOLINE MAXLIFE 10W40 4/5 L NSW,5,L,4,574.67,11493.42,
MAXLIFE 10W40 4/4 L SW,VALVOLINE MAXLIFE 10W40 4/4 L SW,4,L,4,582.04,9312.61,
MAXLIFE 10W40 4/4 L NSW,VALVOLINE MAXLIFE 10W40 4/4 L NSW,4,L,4,582.04,9312.61,
MAXLIFE 10W40 12/1 L SW,VALVOLINE MAXLIFE 10W40 12/1 L SW,1,L,12,622.24,7466.90,
MAXLIFE 10W40 12/1 L NSW,VALVOLINE MAXLIFE 10W40 12/1 L NSW,1,L,12,622.24,7466.90,
MAXLIFE 15W40 4/4 L SW,VALVOLINE MAXLIFE 15W40 4/4 L SW,4,L,4,605.17,9682.75,
MAXLIFE 15W40 4/4 L NSW,VALVOLINE MAXLIFE 15W40 4/4 L NSW,4,L,4,605.17,9682.75,
MAXLIFE 15W40 12/1 L SW,VALVOLINE MAXLIFE 15W40 12/1 L SW,1,L,12,644.09,7729.08,
MAXLIFE 15W40 12/1 L NSW,VALVOLINE MAXLIFE 15W40 12/1 L NSW,1,L,12,644.09,7729.08,
VAL ALL CLIMATE DPF C3 5W30 DR 208 L,VALVOLINE ALL CLIMATE DPF C3 5W30 DR 208 L,208,L,1,668.92,139136.36,
VAL ALL CLIMATE DPF C3 5W30 KE 60 L,VALVOLINE ALL CLIMATE DPF C3 5W30 KE 60 L,60,L,1,666.16,39969.68,
VAL ALL CLIMATE DPF C3 5W30 PL 20 L,VALVOLINE ALL CLIMATE DPF C3 5W30 PL 20 L,20,L,1,686.32,13726.32,
VAL ALL CLIMATE DPF C3 5W30 4/5 L SW,VALVOLINE ALL CLIMATE DPF C3 5W30 4/5 L SW,5,L,4,696.76,13935.30,
VAL ALL CLIMATE DPF C3 5W30 4/5 L NSW,VALVOLINE ALL CLIMATE DPF C3 5W30 4/5 L NSW,5,L,4,696.76,13935.30,
VAL ALL CLIMATE DPF C3 5W30 12/1 L SW,VALVOLINE ALL CLIMATE DPF C3 5W30 12/1 L SW,1,L,12,742.44,8909.26,
VAL ALL CLIMATE DPF C3 5W30 12/1 L NSW,VALVOLINE ALL CLIMATE DPF C3 5W30 12/1 L NSW,1,L,12,742.44,8909.26,
VAL ALL CLIMATE 5W30 DR 208 L,VALVOLINE ALL CLIMATE 5W30 DR 208 L,208,L,1,540.04,112327.82,
VAL ALL CLIMATE 5W30 4/5 L SW,VALVOLINE ALL CLIMATE 5W30 4/5 L SW,5,L,4,579.44,11588.89,
VAL ALL CLIMATE 5W30 4/5 L NSW,VALVOLINE ALL CLIMATE 5W30 4/5 L NSW,5,L,4,579.44,11588.89,
VAL ALL CLIMATE 5W30 12/1 L SW,VALVOLINE ALL CLIMATE 5W30 12/1 L SW,1,L,12,624.44,7493.34,
VAL ALL CLIMATE 5W30 12/1 L NSW,VALVOLINE ALL CLIMATE 5W30 12/1 L NSW,1,L,12,624.44,7493.34,
VAL ALL CLIMATE C3 5W40 DR 208 L,VALVOLINE ALL CLIMATE C3 5W40 DR 208 L,208,L,1,581.16,120882.11,
VAL ALL CLIMATE C3 5W40 KE 60 L,VALVOLINE ALL CLIMATE C3 5W40 KE 60 L,60,L,1,624.36,37461.70,
VAL ALL CLIMATE C3 5W40 PL 20 L,VALVOLINE ALL CLIMATE C3 5W40 PL 20 L,20,L,1,625.91,12518.23,
VAL ALL CLIMATE C3 5W40 4/5 L SW,VALVOLINE ALL CLIMATE C3 5W40 4/5 L SW,5,L,4,635.99,12719.87,
VAL ALL CLIMATE C3 5W40 4/5 L NSW,VALVOLINE ALL CLIMATE C3 5W40 4/5 L NSW,5,L,4,635.99,12719.87,
VAL ALL CLIMATE C3 5W40 12/1 L SW,VALVOLINE ALL CLIMATE C3 5W40 12/1 L SW,1,L,12,665.57,7986.86,
VAL ALL CLIMATE C3 5W40 12/1 L NSW,VALVOLINE ALL CLIMATE C3 5W40 12/1 L NSW,1,L,12,665.57,7986.86,
VAL ALL CLIMATE C2/C3 5W30 DR 208 L,VALVOLINE ALL CLIMATE C2/C3 5W30 DR 208 L,208,L,1,561.89,116872.29,
VAL ALL CLIMATE C2/C3 5W30 PL 20 L,VALVOLINE ALL CLIMATE C2/C3 5W30 PL 20 L,20,L,1,597.64,11952.75,
VAL ALL CLIMATE C2/C3 5W30 4/5 L SW,VALVOLINE ALL CLIMATE C2/C3 5W30 4/5 L SW,5,L,4,582.01,11640.30,
VAL ALL CLIMATE C2/C3 5W30 4/5 L NSW,VALVOLINE ALL CLIMATE C2/C3 5W30 4/5 L NSW,5,L,4,582.01,11640.30,
VAL ALL CLIMATE C2/C3 5W30 12/1 L SW,VALVOLINE ALL CLIMATE C2/C3 5W30 12/1 L SW,1,L,12,629.59,7555.03,
VAL ALL CLIMATE C2/C3 5W30 12/1 L NSW,VALVOLINE ALL CLIMATE C2/C3 5W30 12/1 L NSW,1,L,12,629.59,7555.03,
VAL ALL CLIMATE 5W40 DR 208 L,VALVOLINE ALL CLIMATE 5W40 DR 208 L,208,L,1,541.69,112671.52,
VAL ALL CLIMATE 5W40 KE 60 L,VALVOLINE ALL CLIMATE 5W40 KE 60 L,60,L,1,580.42,34825.21,
VAL ALL CLIMATE 5W40 4/5 L SW,VALVOLINE ALL CLIMATE 5W40 4/5 L SW,5,L,4,588.81,11776.16,
VAL ALL CLIMATE 5W40 4/5 L NSW,VALVOLINE ALL CLIMATE 5W40 4/5 L NSW,5,L,4,588.81,11776.16,
VAL ALL CLIMATE 5W40 12/1 L SW,VALVOLINE ALL CLIMATE 5W40 12/1 L SW,1,L,12,624.81,7497.74,
VAL ALL CLIMATE 5W40 12/1 L NSW,VALVOLINE ALL CLIMATE 5W40 12/1 L NSW,1,L,12,624.81,7497.74,
VAL ALL CLIMATE 10W40 KE 60 L,VALVOLINE ALL CLIMATE 10W40 KE 60 L,60,L,1,530.54,31832.53,
VAL ALL CLIMATE 10W40 4/5 L SW,VALVOLINE ALL CLIMATE 10W40 4/5 L SW,5,L,4,551.17,11023.40,
VAL ALL CLIMATE 10W40 4/5 L NSW,VALVOLINE ALL CLIMATE 10W40 4/5 L NSW,5,L,4,551.17,11023.40,
VAL ALL CLIMATE 10W40 4/4 L SW,VALVOLINE ALL CLIMATE 10W40 4/4 L SW,4,L,4,553.40,8854.35,
VAL ALL CLIMATE 10W40 4/4 L NSW,VALVOLINE ALL CLIMATE 10W40 4/4 L NSW,4,L,4,553.40,8854.35,
VAL ALL CLIMATE 10W40 12/1 L SW,VALVOLINE ALL CLIMATE 10W40 12/1 L SW,1,L,12,587.17,7046.09,
VAL ALL CLIMATE 10W40 12/1 L NSW,VALVOLINE ALL CLIMATE 10W40 12/1 L NSW,1,L,12,587.17,7046.09,
VAL ALL CLIMATE 15W40 DR 208 L,VALVOLINE ALL CLIMATE 15W40 DR 208 L,208,L,1,517.20,107578.63,
VAL ALL CLIMATE 15W40 4/5 L SW,VALVOLINE ALL CLIMATE 15W40 4/5 L SW,5,L,4,547.31,10946.29,
VAL ALL CLIMATE 15W40 4/5 L NSW,VALVOLINE ALL CLIMATE 15W40 4/5 L NSW,5,L,4,547.31,10946.29,
VAL ALL CLIMATE 15W40 4/4 L SW,VALVOLINE ALL CLIMATE 15W40 4/4 L SW,4,L,4,553.40,8854.35,
VAL ALL CLIMATE 15W40 4/4 L NSW,VALVOLINE ALL CLIMATE 15W40 4/4 L NSW,4,L,4,553.40,8854.35,
VAL ALL CLIMATE 15W40 12/1 L SW,VALVOLINE ALL CLIMATE 15W40 12/1 L SW,1,L,12,592.31,7107.78,
VAL ALL CLIMATE 15W40 12/1 L NSW,VALVOLINE ALL CLIMATE 15W40 12/1 L NSW,1,L,12,592.31,7107.78,
VAL ALL CLIMATE 20W50 4/5 L SW,VALVOLINE ALL CLIMATE 20W50 4/5 L SW,5,L,4,632.07,12641.43,
VAL ALL CLIMATE 20W50 4/5 L NSW,VALVOLINE ALL CLIMATE 20W50 4/5 L NSW,5,L,4,632.07,12641.43,
VAL ALL CLIMATE 20W50 12/1 L SW,VALVOLINE ALL CLIMATE 20W50 12/1 L SW,1,L,12,670.21,8042.57,
VAL ALL CLIMATE 20W50 12/1 L NSW,VALVOLINE ALL CLIMATE 20W50 12/1 L NSW,1,L,12,670.21,8042.57,
VAL HYBRID ATF DR 208 L,VALVOLINE HYBRID ATF DR 208 L,208,L,1,773.94,160980.35,
VAL HYBRID ATF KE 60 L,VALVOLINE HYBRID ATF KE 60 L,60,L,1,794.01,47640.49,
VAL HYBRID ATF PL 20 L,VALVOLINE HYBRID ATF PL 20 L,20,L,1,809.70,16193.91,
VAL HYBRID ATF 12/1 L SW,VALVOLINE HYBRID ATF 12/1 L SW,1,L,12,903.39,10840.73,
VAL HYBRID VEHICLE ATF 12/1 L NSW,VALVOLINE HYBRID VEHICLE ATF 12/1 L NSW,1,L,12,903.39,10840.73,
VAL HYBRID DCT DR 208 L,VALVOLINE HYBRID DCT DR 208 L,208,L,1,818.93,170336.61,
VAL HYBRID DCT KE 60 L,VALVOLINE HYBRID DCT KE 60 L,60,L,1,863.47,51808.21,
VAL HYBRID DCT PL 20 L,VALVOLINE HYBRID DCT PL 20 L,20,L,1,879.16,17583.15,
VAL HYBRID DCT 12/1 SW,VALVOLINE HYBRID DCT 12/1 SW,1,L,12,948.38,11380.52,
VAL HYBRID VEHICLE DCT 12/1 NSW,VALVOLINE HYBRID VEHICLE DCT 12/1 NSW,1,L,12,948.38,11380.52,
VAL ATF PRO 236.14 Pl 20 L,VALVOLINE ATF PRO 236.14 Pl 20 L,20,L,1,1203.15,24063.00,
VAL ATF PRO 236.14 12/1 L SW,VALVOLINE ATF PRO 236.14 12/1 L SW,1,L,12,1260.80,15129.63,
VAL ATF PRO 236.14 12/1 L NSW,VALVOLINE ATF PRO 236.14 12/1 L NSW,1,L,12,1260.80,15129.63,
VAL ATF PRO 236.15 12/1 L SW,VALVOLINE ATF PRO 236.15 12/1 L SW,1,L,12,1443.73,17324.77,
VAL ATF PRO 236.15 12/1 L NSW,VALVOLINE ATF PRO 236.15 12/1 L NSW,1,L,12,1443.73,17324.77,
VAL ATF PRO +4 12/1 L SW,VALVOLINE ATF PRO +4 12/1 L SW,1,L,12,1201.80,14421.65,
VAL ATF PRO +4 12/1 L NSW,VALVOLINE ATF PRO +4 12/1 L NSW,1,L,12,1201.80,14421.65,
VAL ATF DEX/MERC DR 208 L NEW,VALVOLINE ATF DEX/MERC DR 208 L NEW,208,L,1,534.90,111258.53,
VAL ATF DEX/MERC PL 20 L NEW,VALVOLINE ATF DEX/MERC PL 20 L NEW,20,L,1,577.44,11548.83,
VAL ATF DEX/MERC 12/1 L SW NEW,VALVOLINE ATF DEX/MERC 12/1 L SW NEW,1,L,12,618.39,7420.63,
VAL ATF DEX/MERC 12/1 L NSW,VALVOLINE ATF DEX/MERC 12/1 L NSW,1,L,12,618.39,7420.63,
VAL DCT PL 20 L,VALVOLINE DCT PL 20 L,20,L,1,773.71,15474.19,
VAL DCT 4/5 L SW,VALVOLINE DCT 4/5 L SW,5,L,4,775.16,15503.24,
VAL DCT 4/5 L NSW,VALVOLINE DCT 4/5 L NSW,5,L,4,775.16,15503.24,
VAL DCT 12/1 L SW,VALVOLINE DCT 12/1 L SW,1,L,12,818.57,9822.86,
VAL DCT 12/1 L NSW,VALVOLINE DCT 12/1 L NSW,1,L,12,818.57,9822.86,
VAL TDL 75W90 PL 20 L,VALVOLINE TDL 75W90 PL 20 L,20,L,1,1136.32,22726.39,
VAL TDL 75W90 12/1 L SW,VALVOLINE TDL 75W90 12/1 L SW,1,L,12,1201.68,14420.20,
VAL TDL 75W90 12/1 L NSW,VALVOLINE TDL 75W90 12/1 L NSW,1,L,12,1201.68,14420.20,
VAL GEAR OIL 75W PL 20 L,VALVOLINE GEAR OIL 75W PL 20 L,20,L,1,656.76,13135.13,
VAL GEAR OIL 75W 12/1 L SW,VALVOLINE GEAR OIL 75W 12/1 L SW,1,L,12,709.27,8511.22,
VAL GEAR OIL 75W 12/1 L NSW,VALVOLINE GEAR OIL 75W 12/1 L NSW,1,L,12,709.27,8511.22,
VAL GEAR OIL 75W90 DR 208 L,VALVOLINE GEAR OIL 75W90 DR 208 L,208,L,1,779.45,162126.01,
VAL GEAR OIL 75W90 PL 20 L,VALVOLINE GEAR OIL 75W90 PL 20 L,20,L,1,825.85,16517.04,
VAL GEAR OIL 75W90 12/1 L SW,VALVOLINE GEAR OIL 75W90 12/1 L SW,1,L,12,920.84,11050.04,
VAL GEAR OIL 75W90 12/1 L NSW,VALVOLINE GEAR OIL 75W90 12/1 L NSW,1,L,12,920.84,11050.04,
VAL GEAR OIL 75W80 DR 208 L,VALVOLINE GEAR OIL 75W80 DR 208 L,208,L,1,632.57,131574.97,
VAL GEAR OIL 75W80 PL 20 L,VALVOLINE GEAR OIL 75W80 PL 20 L,20,L,1,656.76,13135.13,
VAL GEAR OIL 75W80 12/1 L SW,VALVOLINE GEAR OIL 75W80 12/1 L SW,1,L,12,709.27,8511.22,
VAL GEAR OIL 75W80 12/1 L NSW,VALVOLINE GEAR OIL 75W80 12/1 L NSW,1,L,12,709.27,8511.22,
VAL GEAR OIL 75W80 RPC PL 20 L,VALVOLINE GEAR OIL 75W80 RPC PL 20 L,20,L,1,663.18,13263.65,
VAL GEAR OIL 75W80 RPC 12/1 L SW,VALVOLINE GEAR OIL 75W80 RPC 12/1 L SW,1,L,12,714.41,8572.91,
VAL GEAR OIL 75W80 RPC 12/1 L NSW,VALVOLINE GEAR OIL 75W80 RPC 12/1 L NSW,1,L,12,714.41,8572.91,
VAL AXLE OIL 75W90 LS PL 20 L,VALVOLINE AXLE OIL 75W90 LS PL 20 L,20,L,1,827.44,16548.87,
VAL AXLE OIL 75W90 LS 12/1 L SW,VALVOLINE AXLE OIL 75W90 LS 12/1 L SW,1,L,12,876.71,10520.54,
VAL AXLE OIL 75W90 LS 12/1 L NSW,VALVOLINE AXLE OIL 75W90 LS 12/1 L NSW,1,L,12,876.71,10520.54,
VAL AXLE OIL 75W90 KE 60 L,VALVOLINE AXLE OIL 75W90 KE 60 L,60,L,1,710.23,42613.52,
VAL AXLE OIL 75W90 PL 20 L,VALVOLINE AXLE OIL 75W90 PL 20 L,20,L,1,711.10,14222.04,
VAL AXLE OIL 75W90 12/1 L SW,VALVOLINE AXLE OIL 75W90 12/1 L SW,1,L,12,806.39,9676.71,
VAL AXLE OIL 75W90 12/1 L NSW,VALVOLINE AXLE OIL 75W90 12/1 L NSW,1,L,12,806.39,9676.71,
VAL HT-12 AFC GREEN CONC KE 60 L,VALVOLINE HT-12 AFC GREEN CONC KE 60 L,60,L,1,574.24,34454.33,
VAL HT-12 AFC PINK CONC KE 60 L,VALVOLINE HT-12 AFC PINK CONC KE 60 L,60,L,1,574.24,34454.33,
VAL HT-12 AFC GREEN RTU 4/5 L SW,VALVOLINE HT-12 AFC GREEN RTU 4/5 L SW,5,L,4,548.60,10972.00,
VAL HT-12 AFC GREEN RTU 4/5 L NSW,VALVOLINE HT-12 AFC GREEN RTU 4/5 L NSW,5,L,4,548.60,10972.00,
VAL HT-12 AFC PINK CONC PL 20 L,VALVOLINE HT-12 AFC PINK CONC PL 20 L,20,L,1,592.01,11840.23,
VAL HT-12 AFC GREEN CONC PL 20 L,VALVOLINE HT-12 AFC GREEN CONC PL 20 L,20,L,1,592.01,11840.23,
VAL HT-12 AFC GREEN RTU 12/1 L SW,VALVOLINE HT-12 AFC GREEN RTU 12/1 L SW,1,L,12,605.17,7262.00,
VAL HT-12 AFC GREEN RTU 12/1 L NSW,VALVOLINE HT-12 AFC GREEN RTU 12/1 L NSW,1,L,12,605.17,7262.00,
VAL HT-12 AFC PINK RTU 4/5 L SW,VALVOLINE HT-12 AFC PINK RTU 4/5 L SW,5,L,4,548.60,10972.00,
VAL HT-12 AFC PINK RTU 4/5 L NSW,VALVOLINE HT-12 AFC PINK RTU 4/5 L NSW,5,L,4,548.60,10972.00,
VAL HT-12 AFC PINK RTU 12/1 L SW,VALVOLINE HT-12 AFC PINK RTU 12/1 L SW,1,L,12,605.17,7262.00,
VAL HT-12 AFC PINK RTU 12/1 L NSW,VALVOLINE HT-12 AFC PINK RTU 12/1 L NSW,1,L,12,605.17,7262.00,
MULTI-VEHICLE COOLANT CONC DR 208 L,VALVOLINE MULTI-VEHICLE COOLANT CONC DR 208 L,208,L,1,515.62,107248.71,
MULTI-VEHICLE COOLANT CONC KE 60 L,VALVOLINE MULTI-VEHICLE COOLANT CONC KE 60 L,60,L,1,527.97,31678.30,
MULTI-VEHICLE COOLANT CONC PL 20 L,VALVOLINE MULTI-VEHICLE COOLANT CONC PL 20 L,20,L,1,580.93,11618.59,
MULTI-VEHICLE COOLANT CONC 4/5 L SW,VALVOLINE MULTI-VEHICLE COOLANT CONC 4/5 L SW,5,L,4,611.02,12220.48,
MULTI-VEHICLE COOLANT CONC 4/5 L NSW,VALVOLINE MULTI-VEHICLE COOLANT CONC 4/5 L NSW,5,L,4,611.02,12220.48,
MULTI-VEHICLE COOLANT CONC 12/1 L SW,VALVOLINE MULTI-VEHICLE COOLANT CONC 12/1 L SW,1,L,12,623.89,7486.73,
MULTI-VEHICLE COOLANT CONC 12/1 L NSW,VALVOLINE MULTI-VEHICLE COOLANT CONC 12/1 L NSW,1,L,12,623.89,7486.73,
MULTI-VEHICLE COOLANT RTU DR 208 L,VALVOLINE MULTI-VEHICLE COOLANT RTU DR 208 L,208,L,1,479.63,99763.70,
MULTI-VEHICLE COOLANT RTU KE 60 L,VALVOLINE MULTI-VEHICLE COOLANT RTU KE 60 L,60,L,1,493.27,29596.28,
MULTI-VEHICLE COOLANT RTU PL 20 L,VALVOLINE MULTI-VEHICLE COOLANT RTU PL 20 L,20,L,1,505.10,10102.06,
MULTI-VEHICLE COOLANT RTU 4/5 L SW,VALVOLINE MULTI-VEHICLE COOLANT RTU 4/5 L SW,5,L,4,490.77,9815.32,
MULTI-VEHICLE COOLANT RTU 4/5 L NSW,VALVOLINE MULTI-VEHICLE COOLANT RTU 4/5 L NSW,5,L,4,490.77,9815.32,
MULTI-VEHICLE COOLANT RTU 12/1 L SW,VALVOLINE MULTI-VEHICLE COOLANT RTU 12/1 L SW,1,L,12,570.47,6845.60,
MULTI-VEHICLE COOLANT RTU 12/1 L NSW,VALVOLINE MULTI-VEHICLE COOLANT RTU 12/1 L NSW,1,L,12,570.47,6845.60,
MULTI-VEHICLE RED COOLANT CONC DR 208 L,VALVOLINE MULTI-VEHICLE RED COOLANT CONC DR 208 L,208,L,1,572.17,119010.86,
MULTI-VEHICLE RED COOLANT CONC KE 60 L,VALVOLINE MULTI-VEHICLE RED COOLANT CONC KE 60 L,60,L,1,587.09,35225.45,
MULTI-VEHICLE RED COOLANT CONC PL 20 L,VALVOLINE MULTI-VEHICLE RED COOLANT CONC PL 20 L,20,L,1,593.78,11875.63,
MULTI-VEHICLE RED COOLANT CONC 4/5 L SW,VALVOLINE MULTI-VEHICLE RED COOLANT CONC 4/5 L SW,5,L,4,603.86,12077.27,
MULTI-VEHICLE RED COOLANT CONC 4/5 L NSW,VALVOLINE MULTI-VEHICLE RED COOLANT CONC 4/5 L NSW,5,L,4,603.86,12077.27,
MULTI-VEHICLE RED COOLANT CONC 12/1 L SW,VALVOLINE MULTI-VEHICLE RED COOLANT CONC 12/1 L SW,1,L,12,657.86,7894.32,
MULTI-VEHICLE RED COOLANT CONC 12/1 NSW,VALVOLINE MULTI-VEHICLE RED COOLANT CONC 12/1 NSW,1,L,12,657.86,7894.32,
MULTI-VEHICLE RED COOLANT RTU DR 208 L,VALVOLINE MULTI-VEHICLE RED COOLANT RTU DR 208 L,208,L,1,489.91,101902.28,
MULTI-VEHICLE RED COOLANT RTU PL 20 L,VALVOLINE MULTI-VEHICLE RED COOLANT RTU PL 20 L,20,L,1,515.38,10307.69,
MULTI-VEHICLE RED COOLANT RTU 4/5 L SW,VALVOLINE MULTI-VEHICLE RED COOLANT RTU 4/5 L SW,5,L,4,521.61,10432.21,
MULTI-VEHICLE RED COOLANT RTU 4/5 L NSW,VALVOLINE MULTI-VEHICLE RED COOLANT RTU 4/5 L NSW,5,L,4,521.61,10432.21,
VAL ZEREX DEX-COOL CONC DR 208 L,VALVOLINE ZEREX DEX-COOL CONC DR 208 L,208,L,1,609.44,126763.18,
VAL PROFLEET LS-F 5W30 DR 208 L,VALVOLINE PROFLEET LS-F 5W30 DR 208 L,208,L,1,658.93,137057.70,
VAL PROFLEET LS-F 5W30 PL 20 L,VALVOLINE PROFLEET LS-F 5W30 PL 20 L,20,L,1,708.94,14178.71,
VAL PROFLEET LS 5W30 DR 208 L,VALVOLINE PROFLEET LS 5W30 DR 208 L,208,L,1,703.26,146277.66,
VAL PROFLEET LS 5W30 PL 20 L,VALVOLINE PROFLEET LS 5W30 PL 20 L,20,L,1,742.86,14857.30,
VAL PROFLEET LSA 5W30 DR 208 L,VALVOLINE PROFLEET LSA 5W30 DR 208 L,208,L,1,621.01,129169.08,
VAL PROFLEET LSA 5W30 PL 20 L,VALVOLINE PROFLEET LSA 5W30 PL 20 L,20,L,1,632.34,12646.75,
VAL PROFLEET 5W20 DR 208 L,VALVOLINE PROFLEET 5W20 DR 208 L,208,L,1,666.66,138665.65,
VAL PROFLEET 5W20 KE 60 L,VALVOLINE PROFLEET 5W20 KE 60 L,60,L,1,705.33,42319.76,
VAL PROFLEET 5W20 PL 20 L,VALVOLINE PROFLEET 5W20 PL 20 L,20,L,1,708.16,14163.29,
VAL PROFLEET 5W30 DR 208 L,VALVOLINE PROFLEET 5W30 DR 208 L,208,L,1,681.41,141733.19,
VAL PROFLEET LS-X 10W40 PL 20 L,VALVOLINE PROFLEET LS-X 10W40 PL 20 L,20,L,1,623.34,12466.83,
VAL PROFLEET LS 10W40 DR 208 L,VALVOLINE PROFLEET LS 10W40 DR 208 L,208,L,1,599.16,124624.61,
VAL PROFLEET LS 10W40 4/5 L SW,VALVOLINE PROFLEET LS 10W40 4/5 L SW,5,L,4,658.48,13169.68,
VAL PROFLEET 10W40 PL 20 L,VALVOLINE PROFLEET 10W40 PL 20 L,20,L,1,679.89,13597.80,
VAL PROFLEET 10W40 4/5 L SW,VALVOLINE PROFLEET 10W40 4/5 L SW,5,L,4,716.96,14339.22,
VAL PROFLEET M 10W40 DR 208 L,VALVOLINE PROFLEET M 10W40 DR 208 L,208,L,1,558.03,116070.32,
VAL PROFLEET M 10W40 PL 20 L,VALVOLINE PROFLEET M 10W40 PL 20 L,20,L,1,600.21,12004.15,
VAL PROFLEET M 10W40 4/5 L SW,VALVOLINE PROFLEET M 10W40 4/5 L SW,5,L,4,638.56,12771.28,
VAL GEO SNG-4 DR 208 L,VALVOLINE GEO SNG-4 DR 208 L,208,L,1,585.02,121684.07,
VAL GEO SNG-6 DR 208 L,VALVOLINE GEO SNG-6 DR 208 L,208,L,1,583.73,121416.75,
VALVOLINE GEO PLUS LA 40 DR 208 L,VALVOLINE GEO PLUS LA 40 DR 208 L,208,L,1,599.16,124624.61,
PREMIUM BLUE EXTREME 5W40 DR 208 L,VALVOLINE PREMIUM BLUE EXTREME 5W40 DR 208 L,208,L,1,808.09,168083.47,
PREMIUM BLUE EXTREME 5W40 PL 20 L,VALVOLINE PREMIUM BLUE EXTREME 5W40 PL 20 L,20,L,1,857.98,17159.64,
PREMIUM BLUE 7800 15W40 4/5 L SW,VALVOLINE PREMIUM BLUE 7800 15W40 4/5 L SW,5,L,4,642.42,12848.39,
PREMIUM BLUE 7800 15W40 4/5 L NSW EEBV,VALVOLINE PREMIUM BLUE 7800 15W40 4/5 L NSW EEBV,5,L,4,642.42,12848.39,
PREM BLUE ONE SOL GEN 2 15W40 DR 208 L,VALVOLINE PREM BLUE ONE SOL GEN 2 15W40 DR 208 L,208,L,1,645.42,134248.19,
PREM BLUE ONE SOL GEN 2 15W40 PL 20 L,VALVOLINE PREM BLUE ONE SOL GEN 2 15W40 PL 20 L,20,L,1,697.88,13957.66,
PREM BLUE ONE SOL GEN 2 10W30 DR 208 L,VALVOLINE PREM BLUE ONE SOL GEN 2 10W30 DR 208 L,208,L,1,662.13,137723.37,
PREM BLUE ONE SOL GEN 2 10W30 PL 20 L,VALVOLINE PREM BLUE ONE SOL GEN 2 10W30 PL 20 L,20,L,1,695.31,13906.25,
PREMIUM BLUE GEO M-74 15W40 DR 208 L,VALVOLINE PREMIUM BLUE GEO M-74 15W40 DR 208 L,208,L,1,626.15,130238.37,
PREMIUM BLUE GEO M-74 15W40 PL 20 L,VALVOLINE PREMIUM BLUE GEO M-74 15W40 PL 20 L,20,L,1,646.47,12929.50,
PREMIUM BLUE GEO MA 40 DR 208 L,VALVOLINE PREMIUM BLUE GEO MA 40 DR 208 L,208,L,1,695.55,144673.73,
PREMIUM BLUE GEO LA-ES 40 DR 208 L,VALVOLINE PREMIUM BLUE GEO LA-ES 40 DR 208 L,208,L,1,646.71,134515.51,
PREMIUM BLUE GEO LA 40 DR 208 L,VALVOLINE PREMIUM BLUE GEO LA 40 DR 208 L,208,L,1,690.41,143604.45,
VAL ALL FLEET SUPERIOR LE 15W40 4/5 L,VALVOLINE ALL FLEET SUPERIOR LE 15W40 4/5 L,5,L,4,648.85,12976.91,
VAL ALL FLEET SUPERIOR LE 15W40 4/5 L NSW,VALVOLINE ALL FLEET SUPERIOR LE 15W40 4/5 L NSW,5,L,4,648.85,12976.91,
VAL ALL FLEET EXTREME 10W40 4/5 L SW,VALVOLINE ALL FLEET EXTREME 10W40 4/5 L SW,5,L,4,570.45,11408.96,
VAL ALL FLEET EXTREME 10W40 4/5 L NSW,VALVOLINE ALL FLEET EXTREME 10W40 4/5 L NSW,5,L,4,570.45,11408.96,
VAL ALL FLEET EXTRA 15W40 KE 60 L,VALVOLINE ALL FLEET EXTRA 15W40 KE 60 L,60,L,1,530.54,31832.53,
VAL ALL FLEET EXTRA 15W40 4/5 L SW,VALVOLINE ALL FLEET EXTRA 15W40 4/5 L SW,5,L,4,551.17,11023.40,
VAL ALL FLEET EXTRA 15W40 4/5 L NSW,VALVOLINE ALL FLEET EXTRA 15W40 4/5 L NSW,5,L,4,551.17,11023.40,
VAL ALL FLEET 15W40 KE 60 L,VALVOLINE ALL FLEET 15W40 KE 60 L,60,L,1,540.82,32449.42,
VAL VALMARIN TP 1230 DR 208 L,VALVOLINE VALMARIN TP 1230 DR 208 L,208,L,1,597.87,124357.29,
VAL VALMARIN TP 1240 DR 208 L,VALVOLINE VALMARIN TP 1240 DR 208 L,208,L,1,612.01,127297.83,
VAL VALMARIN 15W40 DR 208 L,VALVOLINE VALMARIN 15W40 DR 208 L,208,L,1,552.89,115001.03,
VAL VALMARIN 15W40 PL 20 L,VALVOLINE VALMARIN 15W40 PL 20 L,20,L,1,570.65,11412.96,
VAL VALMARIN 15W40 4/5 L SW,VALVOLINE VALMARIN 15W40 4/5 L SW,5,L,4,580.73,11614.60,
VAL COMPRESSOR OIL S68 DR 208 L,VALVOLINE COMPRESSOR OIL S68 DR 208 L,208,L,1,916.60,190653.05,
VAL COMPRESSOR OIL S68 PL 20 L,VALVOLINE COMPRESSOR OIL S68 PL 20 L,20,L,1,933.07,18661.49,
VAL HEAT TRANSFER OIL SYNTHETIC DR 208 L,VALVOLINE HEAT TRANSFER OIL SYNTHETIC DR 208 L,208,L,1,791.94,164722.85,
VAL CIRCULATION OIL S68 DR 208 L,VALVOLINE CIRCULATION OIL S68 DR 208 L,208,L,1,826.64,171940.54,
VAL CIRCULATION OIL S68 PL 20 L,VALVOLINE CIRCULATION OIL S68 PL 20 L,20,L,1,843.11,16862.21,
VAL CIRCULATION OIL S100 DR 208 L,VALVOLINE CIRCULATION OIL S100 DR 208 L,208,L,1,839.49,174613.75,
VAL CIRCULATION OIL S100 PL 20 L,VALVOLINE CIRCULATION OIL S100 PL 20 L,20,L,1,855.96,17119.25,
VAL CIRCULATION OIL S320 DR 208 L,VALVOLINE CIRCULATION OIL S320 DR 208 L,208,L,1,872.90,181564.11,
VAL CIRCULATION OIL S320 PL 20 L,VALVOLINE CIRCULATION OIL S320 PL 20 L,20,L,1,888.09,17761.85,
VAL CIRCULATION OIL S460 DR 208 L,VALVOLINE CIRCULATION OIL S460 DR 208 L,208,L,1,884.47,183970.01,
VAL CIRCULATION OIL S460 PL 20 L,VALVOLINE CIRCULATION OIL S460 PL 20 L,20,L,1,900.94,18018.89,
VAL ULTRAMAX BIO 46 DR 208 L,VALVOLINE ULTRAMAX BIO 46 DR 208 L,208,L,1,861.40,179170.95,
VAL ULTRAMAX BIO 46 PL 20 L,VALVOLINE ULTRAMAX BIO 46 PL 20 L,20,L,1,909.45,18189.03,
VAL ULTRAMAX EXTREME S15 DR 208 L,VALVOLINE ULTRAMAX EXTREME S15 DR 208 L,208,L,1,773.94,160980.35,
VAL ULTRAMAX EXTREME S32 DR 208 L,VALVOLINE ULTRAMAX EXTREME S32 DR 208 L,208,L,1,753.38,156703.20,
VAL ULTRAMAX EXTREME S32 PL 20 L,VALVOLINE ULTRAMAX EXTREME S32 PL 20 L,20,L,1,776.28,15525.60,
VAL ULTRAMAX EXTREME HVLP 15 DR 208 L,VALVOLINE ULTRAMAX EXTREME HVLP 15 DR 208 L,208,L,1,637.10,132516.96,
VAL ULTRAMAX EXTREME HVLP 22 DR 208 L,VALVOLINE ULTRAMAX EXTREME HVLP 22 DR 208 L,208,L,1,560.60,116604.96,
VAL ULTRAMAX EXTREME HVLP 22 PL 20 L,VALVOLINE ULTRAMAX EXTREME HVLP 22 PL 20 L,20,L,1,583.50,11670.00,
VAL ULTRAMAX EXTREME HVLP 28 DR 208 L,VALVOLINE ULTRAMAX EXTREME HVLP 28 DR 208 L,208,L,1,655.71,136386.76,
VAL ULTRAMAX EXTREME HVLP 28 PL 20 L,VALVOLINE ULTRAMAX EXTREME HVLP 28 PL 20 L,20,L,1,681.18,13623.51,
VAL ULTRAMAX ZF HLP 46 DR 208 L,VALVOLINE ULTRAMAX ZF HLP 46 DR 208 L,208,L,1,588.88,122486.04,
VAL ULTRAMAX HLP 100 DR 208 L,VALVOLINE ULTRAMAX HLP 100 DR 208 L,208,L,1,572.17,119010.86,
VAL ULTRAMAX HLP 100 PL 20 L,VALVOLINE ULTRAMAX HLP 100 PL 20 L,20,L,1,591.21,11824.23,
VAL STOU 10W40 DR 208 L,VALVOLINE STOU 10W40 DR 208 L,208,L,1,603.01,125426.58,
VAL STOU 10W40 PL 20 L,VALVOLINE STOU 10W40 PL 20 L,20,L,1,632.34,12646.75,
VAL UNITRAC 80W DR 208 L,VALVOLINE UNITRAC 80W DR 208 L,208,L,1,569.60,118476.22,
VAL UNITRAC 80W PL 20 L,VALVOLINE UNITRAC 80W PL 20 L,20,L,1,596.35,11927.04,
VAL UNITRAC 80W 4/5 L SW,VALVOLINE UNITRAC 80W 4/5 L SW,5,L,4,619.29,12385.72,
VAL UTTO WB2 DR 208 L,VALVOLINE UTTO WB2 DR 208 L,208,L,1,639.00,132911.58,
VAL UTTO WB2 PL 20 L,VALVOLINE UTTO WB2 PL 20 L,20,L,1,665.75,13315.06,
VAL HD ATF PRO DR 208 L,VALVOLINE HD ATF PRO DR 208 L,208,L,1,594.02,123555.33,
VAL HD ATF PRO PL 20 L,VALVOLINE HD ATF PRO PL 20 L,20,L,1,624.63,12492.53,
VAL HD ATF PRO 4/5 L SW,VALVOLINE HD ATF PRO 4/5 L SW,5,L,4,648.85,12976.91,
VAL HD ATF PRO 12/1 L SW,VALVOLINE HD ATF PRO 12/1 L SW,1,L,12,696.48,8357.73,
VAL HD ATF PRO 12/1 L NSW,VALVOLINE HD ATF PRO 12/1 L NSW,1,L,12,696.48,8357.73,
VAL HD GEAR OIL PRO 75W80 LD DR 208 L,VALVOLINE HD GEAR OIL PRO 75W80 LD DR 208 L,208,L,1,800.99,166606.83,
VAL HD GEAR OIL PRO 75W80 LD PL 20 L,VALVOLINE HD GEAR OIL PRO 75W80 LD PL 20 L,20,L,1,809.08,16181.67,
VAL HD GEAR OIL PRO 75W80 LD 12/1 L SW,VALVOLINE HD GEAR OIL PRO 75W80 LD 12/1 L SW,1,L,12,878.15,10537.83,
VAL HD GEAR OIL PRO 75W80 PL 20 L,VALVOLINE HD GEAR OIL PRO 75W80 PL 20 L,20,L,1,1262.27,25245.39,
VAL HD AXLE OIL PRO 80W90 LD DR 208 L,VALVOLINE HD AXLE OIL PRO 80W90 LD DR 208 L,208,L,1,750.81,156168.56,
VAL HD AXLE OIL PRO 80W90 LD PL 20 L,VALVOLINE HD AXLE OIL PRO 80W90 LD PL 20 L,20,L,1,771.51,15430.13,
VAL HD AXLE OIL PRO 80W90 LS DR 208 L,VALVOLINE HD AXLE OIL PRO 80W90 LS DR 208 L,208,L,1,762.74,158650.83,
VAL HD AXLE OIL PRO 80W90 LS PL 20 L,VALVOLINE HD AXLE OIL PRO 80W90 LS PL 20 L,20,L,1,790.78,15815.69,
VAL HD AXLE OIL PRO 80W90 LS 12/1 L SW,VALVOLINE HD AXLE OIL PRO 80W90 LS 12/1 L SW,1,L,12,893.85,10726.17,
VAL HD AXLE OIL PRO 80W90 LS 12/1 L NSW,VALVOLINE HD AXLE OIL PRO 80W90 LS 12/1 L NSW,1,L,12,893.85,10726.17,
VAL HD TDL PRO 75W90 DR 208 L,VALVOLINE HD TDL PRO 75W90 DR 208 L,208,L,1,1178.49,245125.31,
VAL HD TDL PRO 75W90 KE 60 L,VALVOLINE HD TDL PRO 75W90 KE 60 L,60,L,1,1206.33,72379.80,
VAL HD TDL PRO 75W90 PL 20 L,VALVOLINE HD TDL PRO 75W90 PL 20 L,20,L,1,1227.20,24544.06,
VAL HD TDL PRO 75W90 12/1 L SW,VALVOLINE HD TDL PRO 75W90 12/1 L SW,1,L,12,1264.03,15168.41,
VAL HD TDL PRO 75W90 12/1 L NSW,VALVOLINE HD TDL PRO 75W90 12/1 L NSW,1,L,12,1264.03,15168.41,
VAL LIGHT & HD ATF / CVT DR 208 L,VALVOLINE LIGHT & HD ATF / CVT DR 208 L,208,L,1,619.11,128774.46,
VAL LIGHT & HD ATF / CVT KE 60 L,VALVOLINE LIGHT & HD ATF / CVT KE 60 L,60,L,1,627.61,37656.32,
VAL LIGHT & HD ATF / CVT PL 20 L,VALVOLINE LIGHT & HD ATF / CVT PL 20 L,20,L,1,632.34,12646.75,
VAL LIGHT & HD ATF / CVT 4/5 L SW,VALVOLINE LIGHT & HD ATF / CVT 4/5 L SW,5,L,4,664.27,13285.36,
VAL LIGHT & HD ATF / CVT 4/5 L NSW,VALVOLINE LIGHT & HD ATF / CVT 4/5 L NSW,5,L,4,664.27,13285.36,
VAL LIGHT & HD ATF / CVT 12/1 L SW,VALVOLINE LIGHT & HD ATF / CVT 12/1 L SW,1,L,12,701.92,8423.09,
VAL LIGHT & HD ATF / CVT 12/1 L NSW,VALVOLINE LIGHT & HD ATF / CVT 12/1 L NSW,1,L,12,701.92,8423.09,
VAL HD GEAR OIL 75W80 DR 208 L,VALVOLINE HD GEAR OIL 75W80 DR 208 L,208,L,1,596.59,124089.97,
VAL HD GEAR OIL 75W80 PL 20 L,VALVOLINE HD GEAR OIL 75W80 PL 20 L,20,L,1,636.56,12731.21,
VAL HD GEAR OIL 75W80 4/5 L SW,VALVOLINE HD GEAR OIL 75W80 4/5 L SW,5,L,4,656.92,13138.48,
VAL HD GEAR OIL 75W80 12/1 L SW,VALVOLINE HD GEAR OIL 75W80 12/1 L SW,1,L,12,677.14,8125.66,
VAL HD GEAR OIL 75W80 12/1 L NSW,VALVOLINE HD GEAR OIL 75W80 12/1 L NSW,1,L,12,677.14,8125.66,
VAL HD GEAR OIL 80W DR 208 L,VALVOLINE HD GEAR OIL 80W DR 208 L,208,L,1,596.59,124089.97,
VAL LIGHT & HD GEAR OIL 80W90 DR 208 L,VALVOLINE LIGHT & HD GEAR OIL 80W90 DR 208 L,208,L,1,582.45,121149.43,
VAL LIGHT & HD GEAR OIL 80W90 PL 20 L,VALVOLINE LIGHT & HD GEAR OIL 80W90 PL 20 L,20,L,1,606.63,12132.67,
VAL LIGHT & HD GEAR OIL 80W90 12/1 L SW,VALVOLINE LIGHT & HD GEAR OIL 80W90 12/1 L SW,1,L,12,659.15,7909.74,
VAL LIGHT & HD GEAR OIL 80W90 12/1 L NSW,VALVOLINE LIGHT & HD GEAR OIL 80W90 12/1 L NSW,1,L,12,659.15,7909.74,
VAL HD AXLE OIL 75W90 LS PL 20 L,VALVOLINE HD AXLE OIL 75W90 LS PL 20 L,20,L,1,848.92,16978.49,
VAL HD AXLE OIL 75W140 DR 208 L,VALVOLINE HD AXLE OIL 75W140 DR 208 L,208,L,1,1013.79,210867.65,
VAL HD AXLE OIL 75W140 PL 20 L,VALVOLINE HD AXLE OIL 75W140 PL 20 L,20,L,1,1037.97,20759.43,
VAL HD AXLE OIL 85W140 DR 208 L,VALVOLINE HD AXLE OIL 85W140 DR 208 L,208,L,1,637.71,132644.26,
VAL HD AXLE OIL 85W140 Pl 20 L,VALVOLINE HD AXLE OIL 85W140 Pl 20 L,20,L,1,654.19,13083.72,
VAL LIGHT & HD AXLE OIL 80W90 DR 208 L,VALVOLINE LIGHT & HD AXLE OIL 80W90 DR 208 L,208,L,1,565.74,117674.25,
VAL LIGHT & HD AXLE OIL 80W90 PL 20 L,VALVOLINE LIGHT & HD AXLE OIL 80W90 PL 20 L,20,L,1,588.64,11772.82,
VAL LIGHT & HD AXLE OIL 80W90 4/5 L SW,VALVOLINE LIGHT & HD AXLE OIL 80W90 4/5 L SW,5,L,4,625.10,12502.00,
VAL LIGHT & HD AXLE OIL 80W90 4/5 L NSW,VALVOLINE LIGHT & HD AXLE OIL 80W90 4/5 L NSW,5,L,4,625.10,12502.00,
VAL LIGHT & HD AXLE OIL 80W90 12/1 L SW,VALVOLINE LIGHT & HD AXLE OIL 80W90 12/1 L SW,1,L,12,662.39,7948.67,
VAL LIGHT & HD AXLE OIL 80W90 12/1 L NSW,VALVOLINE LIGHT & HD AXLE OIL 80W90 12/1 L NSW,1,L,12,662.39,7948.67,
VAL HD TDL 75W90 DR 208 L,VALVOLINE HD TDL 75W90 DR 208 L,208,L,1,1071.01,222769.83,
VAL HD TDL 75W90 PL 20 L,VALVOLINE HD TDL 75W90 PL 20 L,20,L,1,1103.19,22063.85,
VAL DT TRANSMISSION 50 DR 208 L,VALVOLINE DT TRANSMISSION 50 DR 208 L,208,L,1,613.29,127565.15,
VAL OEM ADVANCED AFC 40 CONC DR 208 L,VALVOLINE OEM ADVANCED AFC 40 CONC DR 208 L,208,L,1,606.87,126228.54,
VAL OEM ADVANCED AFC 40 CONC PL 20 L,VALVOLINE OEM ADVANCED AFC 40 CONC PL 20 L,20,L,1,636.19,12723.87,
VAL OEM ADVANCED AFC 40 CONC 4/5 L,VALVOLINE OEM ADVANCED AFC 40 CONC 4/5 L,5,L,4,675.83,13516.69,
VAL OEM ADVANCED AFC 40 CONC 12/1 L,VALVOLINE OEM ADVANCED AFC 40 CONC 12/1 L,1,L,12,698.99,8387.84,
VAL OEM ADVANCED AFC 40 RTU DR 208 L,VALVOLINE OEM ADVANCED AFC 40 RTU DR 208 L,208,L,1,493.77,102704.24,
VAL OEM ADVANCED AFC 40 RTU PL 20 L,VALVOLINE OEM ADVANCED AFC 40 RTU PL 20 L,20,L,1,523.10,10461.91,
VAL OEM ADVANCED AFC 40 RTU 12/1 L,VALVOLINE OEM ADVANCED AFC 40 RTU 12/1 L,1,L,12,585.89,7030.67,
VAL OEM ADVANCED AFC 48 CONC DR 208 L,VALVOLINE OEM ADVANCED AFC 48 CONC DR 208 L,208,L,1,601.73,125159.26,
VAL OEM ADVANCED AFC 48 CONC PL 20 L,VALVOLINE OEM ADVANCED AFC 48 CONC PL 20 L,20,L,1,631.05,12621.05,
VAL OEM ADVANCED AFC 48 CONC 4/5 L,VALVOLINE OEM ADVANCED AFC 48 CONC 4/5 L,5,L,4,670.69,13413.88,
VAL OEM ADVANCED AFC 48 CONC 12/1 L,VALVOLINE OEM ADVANCED AFC 48 CONC 12/1 L,1,L,12,693.85,8326.15,
VAL OEM ADVANCED AFC 48 RTU DR 208 L,VALVOLINE OEM ADVANCED AFC 48 RTU DR 208 L,208,L,1,489.91,101902.28,
VAL OEM ADVANCED AFC 48 RTU PL 20 L,VALVOLINE OEM ADVANCED AFC 48 RTU PL 20 L,20,L,1,519.24,10384.80,
VAL OEM ADVANCED AFC 48 RTU 4/5 L,VALVOLINE OEM ADVANCED AFC 48 RTU 4/5 L,5,L,4,558.88,11177.63,
VAL OEM ADVANCED AFC 48 RTU 4/5 L NSW,VALVOLINE OEM ADVANCED AFC 48 RTU 4/5 L NSW,5,L,4,558.88,11177.63,
VAL OEM ADVANCED AFC 48 RTU 12/1 L,VALVOLINE OEM ADVANCED AFC 48 RTU 12/1 L,1,L,12,582.03,6984.40,
VAL HD EXTENDED LIFE RTU DR 208 L,VALVOLINE HD EXTENDED LIFE RTU DR 208 L,208,L,1,430.80,89605.48,
VAL HD EXTENDED LIFE RTU PL 20 L,VALVOLINE HD EXTENDED LIFE RTU PL 20 L,20,L,1,460.12,9202.42,
VAL HD EXTENDED LIFE CONC DR 208 L,VALVOLINE HD EXTENDED LIFE CONC DR 208 L,208,L,1,579.05,120442.22,
VAL HD EXTENDED LIFE -67 RTU DR 208L,VALVOLINE HD EXTENDED LIFE -67 RTU DR 208L,208,L,1,506.62,105377.46,
VAL HD NITRITE FREE COOLANT RTU DR 208 L,VALVOLINE HD NITRITE FREE COOLANT RTU DR 208 L,208,L,1,484.77,100832.99,
VAL HD NITRITE FREE COOLANT RTU PL 20 L,VALVOLINE HD NITRITE FREE COOLANT RTU PL 20 L,20,L,1,523.10,10461.91,
VAL HD NITRITE FREE COOL -67 RTU DR 208L,VALVOLINE HD NITRITE FREE COOL -67 RTU DR 208L,208,L,1,513.05,106714.06,
VAL INDUSTRY LICOM 2 GRS 24/400 G,VALVOLINE INDUSTRY LICOM 2 GRS 24/400 G,,,1,638.38,0.00,
VAL EARTH ALUCOM 1.5 GRS DR 180 KG,VALVOLINE EARTH ALUCOM 1.5 GRS DR 180 KG,,,1,1050.38,0.00,
VAL EARTH ALUCOM 1.5 GRS KE 50 KG,VALVOLINE EARTH ALUCOM 1.5 GRS KE 50 KG,,,1,1076.87,0.00,
VAL HIGH PRESSURE LUBE PTFE 12/500 ML SW,VALVOLINE HIGH PRESSURE LUBE PTFE 12/500 ML SW,500,ML,12,804.43,4826604.36,
VAL V-BELT SPRAY 12/500 ML SW,VALVOLINE V-BELT SPRAY 12/500 ML SW,500,ML,12,603.88,3623289.96,
VAL SILICONE SPRAY 12/500 ML SW,VALVOLINE SILICONE SPRAY 12/500 ML SW,500,ML,12,741.40,4448388.36,
VAL ELECTRO PROTECT 12/500 ML SW,VALVOLINE ELECTRO PROTECT 12/500 ML SW,500,ML,12,665.57,3993427.56,
VAL PTFE DRY 12/500 ML SW,VALVOLINE PTFE DRY 12/500 ML SW,500,ML,12,952.23,5713392.36,
VAL PTFE SPRAY 12/500 ML SW,VALVOLINE PTFE SPRAY 12/500 ML SW,500,ML,12,625.73,3754380.36,
VAL WHITE GREASE 12/500 ML SW,VALVOLINE WHITE GREASE 12/500 ML SW,500,ML,12,759.39,4556345.16,
VAL MULTI SPRAY 12/500 ML SW,VALVOLINE MULTI SPRAY 12/500 ML SW,500,ML,12,732.40,4394409.96,
VAL SYNTHETIC CHAIN LUBE 12/500 ML SW,VALVOLINE SYNTHETIC CHAIN LUBE 12/500 ML SW,500,ML,12,804.43,4826604.36,
VAL INDUSTRIAL CHAIN GREASE 12/500 ML SW,VALVOLINE INDUSTRIAL CHAIN GREASE 12/500 ML SW,500,ML,12,715.69,4294164.36,
VAL COPPER SPRAY 12/500 ML SW,VALVOLINE COPPER SPRAY 12/500 ML SW,500,ML,12,1083.38,6500301.96,
VAL VASELINE SPRAY 12/500 ML SW,VALVOLINE VASELINE SPRAY 12/500 ML SW,500,ML,12,648.86,3893181.96,
VAL PENETRATING OIL 12/500 ML SW,VALVOLINE PENETRATING OIL 12/500 ML SW,500,ML,12,664.29,3985716.36,
VAL GLUE SPRAY 12/500 ML SW,VALVOLINE GLUE SPRAY 12/500 ML SW,500,ML,12,932.95,5597724.36,
VAL CERAMIC GREASE 12/500 ML SW,VALVOLINE CERAMIC GREASE 12/500 ML SW,500,ML,12,826.28,4957694.76,
VAL MOTOR START 12/500 ML SW,VALVOLINE MOTOR START 12/500 ML SW,500,ML,12,736.26,4417543.56,
VAL ZINC SPRAY 12/500 ML SW,VALVOLINE ZINC SPRAY 12/500 ML SW,500,ML,12,1053.82,6322944.36,
VAL GASKET REMOVER 12/500 ML SW,VALVOLINE GASKET REMOVER 12/500 ML SW,500,ML,12,680.99,4085961.96,
VAL CUT & DRILL LUBE 12/500 ML SW,VALVOLINE CUT & DRILL LUBE 12/500 ML SW,500,ML,12,705.41,4232474.76,
VAL GLASS CLEANER 12/500 ML SW,VALVOLINE GLASS CLEANER 12/500 ML SW,500,ML,12,596.17,3577022.76,
VAL CONTACT CLEANER 12/500 ML SW,VALVOLINE CONTACT CLEANER 12/500 ML SW,500,ML,12,665.57,3993427.56,
VAL AIRCO CLEANER 12/500 ML SW,VALVOLINE AIRCO CLEANER 12/500 ML SW,500,ML,12,794.15,4764914.76,
VAL INDUSTRIAL CLEANER 12/500 ML SW,VALVOLINE INDUSTRIAL CLEANER 12/500 ML SW,500,ML,12,678.42,4070539.56,
VAL ALL PURPOSE CLEANER 12/500 ML SW,VALVOLINE ALL PURPOSE CLEANER 12/500 ML SW,500,ML,12,1034.55,6207276.36,
VAL DPF CLEANER 12/400 ML SW,VALVOLINE DPF CLEANER 12/400 ML SW,400,ML,12,760.68,3651245.09,
VAL EGR CLEANER 12/500 ML SW,VALVOLINE EGR CLEANER 12/500 ML SW,500,ML,12,704.13,4224763.56,
VAL CARBURETTOR CLEANER 12/500 ML SW,VALVOLINE CARBURETTOR CLEANER 12/500 ML SW,500,ML,12,627.02,3762091.56,
VAL POWER BRAKE CLEANER 12/500 ML SW,VALVOLINE POWER BRAKE CLEANER 12/500 ML SW,500,ML,12,561.53,3369187.56,
VAL BRAKE CLEANER 12/500 ML LV2,VALVOLINE BRAKE CLEANER 12/500 ML LV2,500,ML,12,507.49,3044949.96,
VAL BRAKE CLEANER 12/500 ML LV3,VALVOLINE BRAKE CLEANER 12/500 ML LV3,500,ML,12,507.49,3044949.96,
VAL BRAKE CLEANER 5 L,VALVOLINE BRAKE CLEANER 5 L,5,L,1,682.32,3411.61,
VAL BRAKE CLEANER 25 L,VALVOLINE BRAKE CLEANER 25 L,25,L,1,623.34,15583.53,
VAL COCKPITSPRAY FOAM 12/500 ML SW,VALVOLINE COCKPITSPRAY FOAM 12/500 ML SW,500,ML,12,642.44,3854625.96,
VAL AIRCO REFRESHER 12/150 ML SW,VALVOLINE AIRCO REFRESHER 12/150 ML SW,150,ML,12,835.28,1503501.95,
VAL HANDCLNR YELLOW 4/4.5 L,VALVOLINE HANDCLNR YELLOW 4/4.5 L,4.5,L,4,2189.18,39405.24,
AUTOMATIC TRANSMISSION CLNR 12/500 ML SW,VALVOLINE AUTOMATIC TRANSMISSION CLNR 12/500 ML SW,500,ML,12,893.11,5358677.16,
ENGINE OIL TREATMENT 12/300 ML V1,VALVOLINE ENGINE OIL TREATMENT 12/300 ML V1,300,ML,12,596.17,2146213.65,
ENGINE OIL TREATMENT 12/300 ML V2,VALVOLINE ENGINE OIL TREATMENT 12/300 ML V2,300,ML,12,596.17,2146213.65,
ENGINE OIL STOP LEAK 12/300 ML V4,VALVOLINE ENGINE OIL STOP LEAK 12/300 ML V4,300,ML,12,596.17,2146213.65,
COOLING SYSTEM CLEANER 12/250 SW,VALVOLINE COOLING SYSTEM CLEANER 12/250 SW,250,ML,12,683.79,2051382.46,
COOLING SYSTEM STOP LEAK 12/300 ML SW,VALVOLINE COOLING SYSTEM STOP LEAK 12/300 ML SW,300,ML,12,685.60,2468152.60,
DIESEL SYSTEM CLEANER 12/300 ML SW,VALVOLINE DIESEL SYSTEM CLEANER 12/300 ML SW,300,ML,12,751.68,2706046.77,
DIESEL SYSTEM PROTECTOR 12/300 ML SW,VALVOLINE DIESEL SYSTEM PROTECTOR 12/300 ML SW,300,ML,12,660.09,2376313.95,
DPF CLEANER & REGENERATOR 12/300 ML SW,VALVOLINE DPF CLEANER & REGENERATOR 12/300 ML SW,300,ML,12,733.75,2641493.01,
ENGINE OIL STOP LEAK 12/300 ML SW,VALVOLINE ENGINE OIL STOP LEAK 12/300 ML SW,300,ML,12,609.02,2192480.85,
ENGINE OIL SYSTEM CLEANER 12/300 ML SW,VALVOLINE ENGINE OIL SYSTEM CLEANER 12/300 ML SW,300,ML,12,630.93,2271355.41,
ENGINE OIL TREATMENT 12/300 ML SW,VALVOLINE ENGINE OIL TREATMENT 12/300 ML SW,300,ML,12,633.50,2280608.85,
PETROL SYSTEM CLEANER 12/300 ML SW,VALVOLINE PETROL SYSTEM CLEANER 12/300 ML SW,300,ML,12,751.68,2706046.77,
PETROL SYSTEM PROTECTOR 12/300 ML SW,VALVOLINE PETROL SYSTEM PROTECTOR 12/300 ML SW,300,ML,12,609.14,2192921.49,
VPS HD DIESEL SYS COMPLETE 6/500 ML,VALVOLINE VPS HD DIESEL SYS COMPLETE 6/500 ML,500,ML,6,1622.67,4867999.73,
VPS HD DIESEL SYS COMPLETE DR 203 L,VALVOLINE VPS HD DIESEL SYS COMPLETE DR 203 L,203,L,1,2418.01,490856.54,
VAL BRAKE & CLUTCH FLUID DOT 4 4/5 L,VALVOLINE BRAKE & CLUTCH FLUID DOT 4 4/5 L,5,L,4,766.00,15320.06,
VAL BRAKE & CLUTCH FLUID DOT 4 12/1 L,VALVOLINE BRAKE & CLUTCH FLUID DOT 4 12/1 L,1,L,12,819.31,9831.67,
VAL BRAKE & CLUTCH FLUID DOT 4 24/500 ML,VALVOLINE BRAKE & CLUTCH FLUID DOT 4 24/500 ML,500,ML,24,555.04,6660528.72,
VAL BRAKE & CLUTCH FLUID DOT 5.1 12/1 L,VALVOLINE BRAKE & CLUTCH FLUID DOT 5.1 12/1 L,1,L,12,918.82,11025.80,
SYNPOWER 4T 10W30 DR 208 L,VALVOLINE SYNPOWER 4T 10W30 DR 208 L,208,L,1,610.72,127030.51,
SYNPOWER 4T 10W30 12/1 L SW,VALVOLINE SYNPOWER 4T 10W30 12/1 L SW,1,L,12,743.51,8922.15,
SYNPOWER 4T 10W40 DR 208 L,VALVOLINE SYNPOWER 4T 10W40 DR 208 L,208,L,1,610.72,127030.51,
SYNPOWER 4T 10W40 4/4 L SW,VALVOLINE SYNPOWER 4T 10W40 4/4 L SW,4,L,4,662.64,10602.22,
SYNPOWER 4T 10W40 4/4 L NSW,VALVOLINE SYNPOWER 4T 10W40 4/4 L NSW,4,L,4,662.64,10602.22,
SYNPOWER 4T 10W40 12/1 L NEW SW,VALVOLINE SYNPOWER 4T 10W40 12/1 L NEW SW,1,L,12,704.13,8449.53,
SYNPOWER 4T 10W40 12/1 L NSW,VALVOLINE SYNPOWER 4T 10W40 12/1 L NSW,1,L,12,704.13,8449.53,
SYNPOWER 4T 10W50 DR 208 L,VALVOLINE SYNPOWER 4T 10W50 DR 208 L,208,L,1,635.74,132233.85,
SYNPOWER 4T 10W50 4/4 L SW,VALVOLINE SYNPOWER 4T 10W50 4/4 L SW,4,L,4,687.77,11004.33,
SYNPOWER 4T 10W50 4/4 L NSW,VALVOLINE SYNPOWER 4T 10W50 4/4 L NSW,4,L,4,687.77,11004.33,
SYNPOWER 4T 10W50 12/1 L NEW SW,VALVOLINE SYNPOWER 4T 10W50 12/1 L NEW SW,1,L,12,743.51,8922.15,
SYNPOWER 4T 10W50 12/1 L NSW,VALVOLINE SYNPOWER 4T 10W50 12/1 L NSW,1,L,12,743.51,8922.15,
SYNPOWER FORKOIL 5W 12/1 L SW,VALVOLINE SYNPOWER FORKOIL 5W 12/1 L SW,1,L,12,770.57,9246.83,
SYNPOWER FORKOIL 10W 12/1 L SW,VALVOLINE SYNPOWER FORKOIL 10W 12/1 L SW,1,L,12,770.57,9246.83,
SYNPOWER FORKOIL 10W 12/1 L NSW,VALVOLINE SYNPOWER FORKOIL 10W 12/1 L NSW,1,L,12,770.57,9246.83,
SYNPOWER FORKOIL 15W 12/1 L SW,VALVOLINE SYNPOWER FORKOIL 15W 12/1 L SW,1,L,12,770.57,9246.83,
SYNPOWER 4T 5W40 DR 208 L,VALVOLINE SYNPOWER 4T 5W40 DR 208 L,208,L,1,615.86,128099.79,
SYNPOWER 4T 5W40 12/1 L SW,VALVOLINE SYNPOWER 4T 5W40 12/1 L SW,1,L,12,689.99,8279.88,
SYNPOWER 4T 5W40 12/1 L NSW,VALVOLINE SYNPOWER 4T 5W40 12/1 L NSW,1,L,12,689.99,8279.88,
SYNPOWER 2T 12/1 L NEW SW,VALVOLINE SYNPOWER 2T 12/1 L NEW SW,1,L,12,898.25,10779.04,
SYNPOWER 2T 12/1 L NSW,VALVOLINE SYNPOWER 2T 12/1 L NSW,1,L,12,898.25,10779.04,
DURABLEND 4T 10W40 DR 208 L,VALVOLINE DURABLEND 4T 10W40 DR 208 L,208,L,1,565.74,117674.25,
DURABLEND 4T 10W40 KE 60 L,VALVOLINE DURABLEND 4T 10W40 KE 60 L,60,L,1,569.10,34145.89,
DURABLEND 4T 10W40 4/4 L SW,VALVOLINE DURABLEND 4T 10W40 4/4 L SW,4,L,4,575.25,9203.92,
DURABLEND 4T 10W40 4/4 L NSW,VALVOLINE DURABLEND 4T 10W40 4/4 L NSW,4,L,4,575.25,9203.92,
DURABLEND 4T 10W40 12/1 L NEW SW,VALVOLINE DURABLEND 4T 10W40 12/1 L NEW SW,1,L,12,616.73,7400.80,
DURABLEND 4T 10W40 12/1 L NSW,VALVOLINE DURABLEND 4T 10W40 12/1 L NSW,1,L,12,616.73,7400.80,
DURABLEND 4T 15W50 12/1 L SW,VALVOLINE DURABLEND 4T 15W50 12/1 L SW,1,L,12,654.00,7848.05,
DURABLEND 4T 15W50 12/1 L NSW,VALVOLINE DURABLEND 4T 15W50 12/1 L NSW,1,L,12,654.00,7848.05,
DURABLEND 4T 20W50 12/1 L NEW SW,VALVOLINE DURABLEND 4T 20W50 12/1 L NEW SW,1,L,12,657.86,7894.32,
DURABLEND 4T 20W50 12/1 L NSW,VALVOLINE DURABLEND 4T 20W50 12/1 L NSW,1,L,12,657.86,7894.32,
DURABLEND 2T 12/1 L NEW SW,VALVOLINE DURABLEND 2T 12/1 L NEW SW,1,L,12,702.84,8434.10,
DURABLEND 2T 12/1 L NSW,VALVOLINE DURABLEND 2T 12/1 L NSW,1,L,12,702.84,8434.10,
DURABLEND SCOOTER 2T 12/1 L NEW SW,VALVOLINE DURABLEND SCOOTER 2T 12/1 L NEW SW,1,L,12,669.43,8033.12,
DURABLEND SCOOTER 2T 12/1 L NSW,VALVOLINE DURABLEND SCOOTER 2T 12/1 L NSW,1,L,12,669.43,8033.12,
VAL AIR FILTER OIL 12/1 L,VALVOLINE AIR FILTER OIL 12/1 L,1,L,12,1336.12,16033.46,
VAL AIR FILTER CLNR 6/5 L,VALVOLINE AIR FILTER CLNR 6/5 L,5,L,6,957.94,28738.17,
VAL SNOWMOBILE 2T 4/4 L,VALVOLINE SNOWMOBILE 2T 4/4 L,4,L,4,837.49,13399.80,
DURABLEND CHAINSAW 2T 12/1 L SW,VALVOLINE DURABLEND CHAINSAW 2T 12/1 L SW,1,L,12,877.69,10532.29,
VAL SPR OUTBOARD 2T 12/1 L SW,VALVOLINE SPR OUTBOARD 2T 12/1 L SW,1,L,12,940.67,11287.98,
VAL SPR OUTBOARD 4T DR 208 L,VALVOLINE SPR OUTBOARD 4T DR 208 L,208,L,1,662.13,137723.37,
VAL SPR OUTBOARD 4T 4/4 L SW,VALVOLINE SPR OUTBOARD 4T 4/4 L SW,4,L,4,724.33,11589.25,
VAL SPR OUTBOARD 4T 12/1 L SW,VALVOLINE SPR OUTBOARD 4T 12/1 L SW,1,L,12,749.11,8989.31,
VAL LAWNMOWER OIL 12/1 L SW,VALVOLINE LAWNMOWER OIL 12/1 L SW,1,L,12,722.12,8665.44,
VAL LAWNMOWER OIL 12/1 L NSW,VALVOLINE LAWNMOWER OIL 12/1 L NSW,1,L,12,722.12,8665.44,
SYNPOWER PSF 12/1 L SW,VALVOLINE SYNPOWER PSF 12/1 L SW,1,L,12,1843.51,22122.18,
VAL SCREENWASHER CONC DR 208 L,VALVOLINE SCREENWASHER CONC DR 208 L,208,L,1,443.65,92278.70,
VAL SCREENWASHER CONC 12/1 L,VALVOLINE SCREENWASHER CONC 12/1 L,1,L,12,484.36,5812.30,
VAL 150 DR 198 L,VALVOLINE 150 DR 198 L,198,L,1,834.41,165213.10,
VAL 150 PL 30 L,VALVOLINE 150 PL 30 L,30,L,1,782.77,23483.02,
VAL PROFLEET LS PLUS 5W30 DR 208 L,VALVOLINE PROFLEET LS PLUS 5W30 DR 208 L,208,L,1,775.66,161337.74,
VAL PROFLEET LS PLUS 5W30 PL 20 L,VALVOLINE PROFLEET LS PLUS 5W30 PL 20 L,20,L,1,763.37,15267.43,
VAL PROFLEET LS PLUS 10W40 DR 208 L,VALVOLINE PROFLEET LS PLUS 10W40 DR 208 L,208,L,1,649.59,135114.76,
SYNPOWER MST C5 0W20 4/5 L SW,VALVOLINE SYNPOWER MST C5 0W20 4/5 L SW,5,L,4,822.62,16452.37,
SYNPOWER MST C5 0W20 4/5 L NSW,VALVOLINE SYNPOWER MST C5 0W20 4/5 L NSW,5,L,4,822.62,16452.37,
VAL PROFLEET LS PLUS 10W40 PL 20 L,VALVOLINE PROFLEET LS PLUS 10W40 PL 20 L,20,L,1,640.01,12800.23,
VAL EPG S220 DR 208 L,VALVOLINE EPG S220 DR 208 L,208,L,1,904.43,188121.75,
VAL EPG S320 DR 208 L,VALVOLINE EPG S320 DR 208 L,208,L,1,987.56,205412.12,
VAL ULTRAMAX PRO HLP 32 DR 208 L,VALVOLINE ULTRAMAX PRO HLP 32 DR 208 L,208,L,1,453.17,94259.79,
VAL ULTRAMAX PRO HLP 46 DR 208 L,VALVOLINE ULTRAMAX PRO HLP 46 DR 208 L,208,L,1,465.05,96729.85,
VAL ULTRAMAX PRO HLP 68 DR 208 L,VALVOLINE ULTRAMAX PRO HLP 68 DR 208 L,208,L,1,492.19,102375.68,
VAL ULTRAMAX PRO HVLP 32 DR 208 L,VALVOLINE ULTRAMAX PRO HVLP 32 DR 208 L,208,L,1,459.96,95671.25,
VAL ULTRAMAX PRO HVLP 46 DR 208 L,VALVOLINE ULTRAMAX PRO HVLP 46 DR 208 L,208,L,1,495.58,103081.41,
VAL ULTRAMAX PRO HVLP 68 DR 208 L,VALVOLINE ULTRAMAX PRO HVLP 68 DR 208 L,208,L,1,563.44,117195.99,
VAL COPPER COMPOUND 12/400 G,VALVOLINE COPPER COMPOUND 12/400 G,,,1,1387.00,0.00,
ALL FLEET SUPERIOR 10W40 DR 208 L EEE,VALVOLINE ALL FLEET SUPERIOR 10W40 DR 208 L EEE,208,L,1,607.64,126388.93,
ALL FLEET SUPERIOR 10W40 PL 20 L EEE,VALVOLINE ALL FLEET SUPERIOR 10W40 PL 20 L EEE,20,L,1,659.84,13196.82,
ALL FLEET SUPERIOR LE 10W30 DR 208 L EEE,VALVOLINE ALL FLEET SUPERIOR LE 10W30 DR 208 L EEE,208,L,1,587.40,122178.62,
ALL FLEET SUPERIOR LE 10W30 PL 20 L EEE,VALVOLINE ALL FLEET SUPERIOR LE 10W30 PL 20 L EEE,20,L,1,605.86,12117.25,
ALL FLEET SUPERIOR LE 10W40 DR 208 L EEE,VALVOLINE ALL FLEET SUPERIOR LE 10W40 DR 208 L EEE,208,L,1,611.69,127231.00,
ALL FLEET SUPERIOR LE 10W40 PL 20 L EEE,VALVOLINE ALL FLEET SUPERIOR LE 10W40 PL 20 L EEE,20,L,1,654.44,13088.86,
ALL FLEET SUPERIOR LE 15W40 DR 208 L EEE,VALVOLINE ALL FLEET SUPERIOR LE 15W40 DR 208 L EEE,208,L,1,589.09,122530.59,
ALL FLEET SUPERIOR LE 15W40 PL 20 L EEE,VALVOLINE ALL FLEET SUPERIOR LE 15W40 PL 20 L EEE,20,L,1,645.53,12910.59,
ALL FLEET SUPERIOR LE-X 10W40 208 L EEE,VALVOLINE ALL FLEET SUPERIOR LE-X 10W40 208 L EEE,208,L,1,584.41,121558.05,
ALL FLEET SUPERIOR LE-X 10W40 20 L EEE,VALVOLINE ALL FLEET SUPERIOR LE-X 10W40 20 L EEE,20,L,1,624.47,12489.41,
ALL FLEET EXTREME 10W40 DR 208 L EEE,VALVOLINE ALL FLEET EXTREME 10W40 DR 208 L EEE,208,L,1,504.89,105017.21,
ALL FLEET EXTREME 10W40 PL 20 L EEE,VALVOLINE ALL FLEET EXTREME 10W40 PL 20 L EEE,20,L,1,565.38,11307.58,
ALL FLEET EXTRA 15W40 DR 208 L EEE,VALVOLINE ALL FLEET EXTRA 15W40 DR 208 L EEE,208,L,1,506.33,105317.63,
ALL FLEET EXTRA 15W40 PL 20 L EEE,VALVOLINE ALL FLEET EXTRA 15W40 PL 20 L EEE,20,L,1,524.80,10496.00,
VAL ALL FLEET 15W40 DR 208 L EEE,VALVOLINE ALL FLEET 15W40 DR 208 L EEE,208,L,1,496.79,103333.08,
VAL ALL FLEET 15W40 PL 20 L EEE,VALVOLINE ALL FLEET 15W40 PL 20 L EEE,20,L,1,535.50,10710.02,
VAL ALL FLEET 20W50 PL 20 L EEE,VALVOLINE ALL FLEET 20W50 PL 20 L EEE,20,L,1,517.87,10357.32,
VAL HD 10W DR 208 L EEE,VALVOLINE HD 10W DR 208 L EEE,208,L,1,518.57,107863.55,
VAL HD 10W PL 20 L EEE,VALVOLINE HD 10W PL 20 L EEE,20,L,1,550.53,11010.69,
VAL HD 30 DR 208 L EEE,VALVOLINE HD 30 DR 208 L EEE,208,L,1,544.21,113196.61,
VAL HD 30 PL 20 L EEE,VALVOLINE HD 30 PL 20 L EEE,20,L,1,589.67,11793.38,
VAL EPG 68 DR 208 L EEE,VALVOLINE EPG 68 DR 208 L EEE,208,L,1,558.96,116264.45,
VAL EPG 68 PL 20 L EEE,VALVOLINE EPG 68 PL 20 L EEE,20,L,1,590.92,11818.47,
VAL EPG 100 DR 208 L EEE,VALVOLINE EPG 100 DR 208 L EEE,208,L,1,569.66,118490.22,
VAL EPG 100 PL 20 L EEE,VALVOLINE EPG 100 PL 20 L EEE,20,L,1,601.62,12032.49,
VAL EPG 150 DR 208 L EEE,VALVOLINE EPG 150 DR 208 L EEE,208,L,1,568.32,118209.53,
VAL EPG 150 PL 20 L EEE,VALVOLINE EPG 150 PL 20 L EEE,20,L,1,611.07,12221.41,
VAL EPG 220 DR 208 L EEE,VALVOLINE EPG 220 DR 208 L EEE,208,L,1,575.06,119612.97,
VAL EPG 220 PL 20 L EEE,VALVOLINE EPG 220 PL 20 L EEE,20,L,1,613.05,12260.95,
VAL EPG 320 DR 208 L EEE,VALVOLINE EPG 320 DR 208 L EEE,208,L,1,577.04,120024.13,
VAL EPG 320 PL 20 L EEE,VALVOLINE EPG 320 PL 20 L EEE,20,L,1,621.14,12422.88,
VAL EPG 460 DR 208 L EEE,VALVOLINE EPG 460 DR 208 L EEE,208,L,1,607.54,126369.20,
VAL COMPRESSOR OIL S 46 DR 208 L EEE,VALVOLINE COMPRESSOR OIL S 46 DR 208 L EEE,208,L,1,852.33,177284.42,
VAL COMPRESSOR OIL S 46 PL 20 L EEE,VALVOLINE COMPRESSOR OIL S 46 PL 20 L EEE,20,L,1,889.69,17793.74,
VAL COMPRESSOR OIL 32 DR 208 L EEE,VALVOLINE COMPRESSOR OIL 32 DR 208 L EEE,208,L,1,492.84,102510.75,
VAL COMPRESSOR OIL 32 PL 20 L EEE,VALVOLINE COMPRESSOR OIL 32 PL 20 L EEE,20,L,1,539.64,10792.88,
VAL COMPRESSOR OIL 46 DR 208 L EEE,VALVOLINE COMPRESSOR OIL 46 DR 208 L EEE,208,L,1,511.73,106440.38,
VAL COMPRESSOR OIL 46 PL 20 L EEE,VALVOLINE COMPRESSOR OIL 46 PL 20 L EEE,20,L,1,540.18,10803.53,
VAL COMPRESSOR OIL 68 DR 208 L EEE,VALVOLINE COMPRESSOR OIL 68 DR 208 L EEE,208,L,1,548.70,114129.69,
VAL COMPRESSOR OIL 68 PL 20 L EEE,VALVOLINE COMPRESSOR OIL 68 PL 20 L EEE,20,L,1,589.86,11797.18,
VAL COMPRESSOR OIL 100 DR 208 L EEE,VALVOLINE COMPRESSOR OIL 100 DR 208 L EEE,208,L,1,541.14,112556.31,
VAL COMPRESSOR OIL 100 PL 20 L EEE,VALVOLINE COMPRESSOR OIL 100 PL 20 L EEE,20,L,1,552.07,11041.41,
VAL COMPRESSOR OIL 150 DR 208 L EEE,VALVOLINE COMPRESSOR OIL 150 DR 208 L EEE,208,L,1,513.61,106831.81,
VAL COMPRESSOR OIL 150 PL 20 L EEE,VALVOLINE COMPRESSOR OIL 150 PL 20 L EEE,20,L,1,557.72,11154.39,
VAL COMPRESSOR OIL 220 DR 208 L EEE,VALVOLINE COMPRESSOR OIL 220 DR 208 L EEE,208,L,1,523.06,108796.63,
VAL COMPRESSOR OIL 220 PL 20 L EEE,VALVOLINE COMPRESSOR OIL 220 PL 20 L EEE,20,L,1,567.17,11343.32,
VAL COMPRESSOR OIL 320 DR 208 L EEE,VALVOLINE COMPRESSOR OIL 320 DR 208 L EEE,208,L,1,531.16,110480.75,
VAL COMPRESSOR OIL 320 PL 20 L EEE,VALVOLINE COMPRESSOR OIL 320 PL 20 L EEE,20,L,1,575.26,11505.25,
VAL HEAT TRANSFER OIL S46 DR 208 L EEE,VALVOLINE HEAT TRANSFER OIL S46 DR 208 L EEE,208,L,1,1313.41,273188.59,
VAL HEAT TRANSFER OIL S46 PL 20 L EEE,VALVOLINE HEAT TRANSFER OIL S46 PL 20 L EEE,20,L,1,1350.76,27015.29,
VAL HEAT TRANSFER OIL 32 DR 208 L EEE,VALVOLINE HEAT TRANSFER OIL 32 DR 208 L EEE,208,L,1,550.05,114410.38,
VAL HEAT TRANSFER OIL 32 PL 20 L EEE,VALVOLINE HEAT TRANSFER OIL 32 PL 20 L EEE,20,L,1,582.01,11640.20,
VAL HEAT TRANSFER OIL 100 DR 208 L EEE,VALVOLINE HEAT TRANSFER OIL 100 DR 208 L EEE,208,L,1,583.79,121427.57,
VAL HEAT TRANSFER OIL 100 PL 20 L EEE,VALVOLINE HEAT TRANSFER OIL 100 PL 20 L EEE,20,L,1,615.75,12314.93,
VAL SLIDEWAY OIL 32 DR 208 L EEE,VALVOLINE SLIDEWAY OIL 32 DR 208 L EEE,208,L,1,543.30,113006.94,
VAL SLIDEWAY OIL 32 PL 20 L EEE,VALVOLINE SLIDEWAY OIL 32 PL 20 L EEE,20,L,1,575.26,11505.25,
VAL SLIDEWAY OIL 46 DR 208 L EEE,VALVOLINE SLIDEWAY OIL 46 DR 208 L EEE,208,L,1,558.15,116094.51,
VAL SLIDEWAY OIL 46 PL 20 L EEE,VALVOLINE SLIDEWAY OIL 46 PL 20 L EEE,20,L,1,590.11,11802.13,
VAL SLIDEWAY OIL 68 DR 208 L EEE,VALVOLINE SLIDEWAY OIL 68 DR 208 L EEE,208,L,1,568.94,118340.01,
VAL SLIDEWAY OIL 68 PL 20 L EEE,VALVOLINE SLIDEWAY OIL 68 PL 20 L EEE,20,L,1,600.90,12018.05,
VAL SLIDEWAY OIL 100 DR 208 L EEE,VALVOLINE SLIDEWAY OIL 100 DR 208 L EEE,208,L,1,583.79,121427.57,
VAL SLIDEWAY OIL 100 PL 20 L EEE,VALVOLINE SLIDEWAY OIL 100 PL 20 L EEE,20,L,1,615.75,12314.93,
VAL SLIDEWAY OIL 150 DR 208 L EEE,VALVOLINE SLIDEWAY OIL 150 DR 208 L EEE,208,L,1,587.83,122269.64,
VAL SLIDEWAY OIL 150 PL 20 L EEE,VALVOLINE SLIDEWAY OIL 150 PL 20 L EEE,20,L,1,619.79,12395.90,
VAL SLIDEWAY OIL 220 DR 208 L EEE,VALVOLINE SLIDEWAY OIL 220 DR 208 L EEE,208,L,1,593.23,123392.39,
VAL SLIDEWAY OIL 220 PL 20 L EEE,VALVOLINE SLIDEWAY OIL 220 PL 20 L EEE,20,L,1,625.19,12503.85,
VAL SLIDEWAY OIL 320 DR 208 L EEE,VALVOLINE SLIDEWAY OIL 320 DR 208 L EEE,208,L,1,597.28,124234.45,
VAL SLIDEWAY OIL 320 PL 20 L EEE,VALVOLINE SLIDEWAY OIL 320 PL 20 L EEE,20,L,1,629.24,12584.82,
VAL CIRCULATION OIL 100 DR 208 L EEE,VALVOLINE CIRCULATION OIL 100 DR 208 L EEE,208,L,1,517.66,107673.88,
VAL CIRCULATION OIL 100 PL 20 L EEE,VALVOLINE CIRCULATION OIL 100 PL 20 L EEE,20,L,1,564.47,11289.34,
VAL CIRCULATION OIL 150 DR 208 L EEE,VALVOLINE CIRCULATION OIL 150 DR 208 L EEE,208,L,1,563.54,117217.26,
VAL CIRCULATION OIL 150 PL 20 L EEE,VALVOLINE CIRCULATION OIL 150 PL 20 L EEE,20,L,1,550.97,11019.45,
VAL CIRCULATION OIL 220 DR 208 L EEE,VALVOLINE CIRCULATION OIL 220 DR 208 L EEE,208,L,1,548.26,114038.68,
VAL CIRCULATION OIL 220 PL 20 L EEE,VALVOLINE CIRCULATION OIL 220 PL 20 L EEE,20,L,1,592.37,11847.36,
VAL CIRCULATION OIL ML 100 DR 208 L EEE,VALVOLINE CIRCULATION OIL ML 100 DR 208 L EEE,208,L,1,521.71,108515.94,
VAL CIRCULATION OIL ML 100 PL 20 L EEE,VALVOLINE CIRCULATION OIL ML 100 PL 20 L EEE,20,L,1,568.52,11370.31,
VAL CIRCULATION OIL ML 220 DR 208 L EEE,VALVOLINE CIRCULATION OIL ML 220 DR 208 L EEE,208,L,1,523.06,108796.63,
VAL CIRCULATION OIL ML 220 PL 20 L EEE,VALVOLINE CIRCULATION OIL ML 220 PL 20 L EEE,20,L,1,565.82,11316.33,
VAL CIRCULATION OIL ML 320 DR 208 L EEE,VALVOLINE CIRCULATION OIL ML 320 DR 208 L EEE,208,L,1,528.46,109919.38,
VAL CIRCULATION OIL ML 320 PL 20 L EEE,VALVOLINE CIRCULATION OIL ML 320 PL 20 L EEE,20,L,1,572.56,11451.27,
VAL CIRCULATION OIL ML 460 DR 208 L EEE,VALVOLINE CIRCULATION OIL ML 460 DR 208 L EEE,208,L,1,548.70,114129.69,
VAL CIRCULATION OIL ML 460 PL 20 L EEE,VALVOLINE CIRCULATION OIL ML 460 PL 20 L EEE,20,L,1,586.06,11721.17,
VAL CIRCULATION OIL ML 680 DR 208 L EEE,VALVOLINE CIRCULATION OIL ML 680 DR 208 L EEE,208,L,1,590.53,122831.01,
VAL CIRCULATION OIL ML 680 PL 20 L EEE,VALVOLINE CIRCULATION OIL ML 680 PL 20 L EEE,20,L,1,627.89,12557.83,
VAL TURBINE OIL 100 DR 208 L EEE,VALVOLINE TURBINE OIL 100 DR 208 L EEE,208,L,1,559.50,116375.19,
VAL TURBINE OIL 100 PL 20 L EEE,VALVOLINE TURBINE OIL 100 PL 20 L EEE,20,L,1,546.92,10938.48,
VAL TURBINE OIL 150 DR 208 L EEE,VALVOLINE TURBINE OIL 150 DR 208 L EEE,208,L,1,529.81,110200.07,
VAL TURBINE OIL 150 PL 20 L EEE,VALVOLINE TURBINE OIL 150 PL 20 L EEE,20,L,1,567.17,11343.32,
VAL TURBINE OIL 220 DR 208 L EEE,VALVOLINE TURBINE OIL 220 DR 208 L EEE,208,L,1,529.81,110200.07,
VAL TURBINE OIL 220 PL 20 L EEE,VALVOLINE TURBINE OIL 220 PL 20 L EEE,20,L,1,597.77,11955.32,
VAL TURBINE OIL 32 DR 208 L EEE,VALVOLINE TURBINE OIL 32 DR 208 L EEE,208,L,1,502.38,104495.30,
VAL TURBINE OIL 32 PL 20 L EEE,VALVOLINE TURBINE OIL 32 PL 20 L EEE,20,L,1,524.71,10494.11,
VAL TURBINE OIL 46 DR 208 L EEE,VALVOLINE TURBINE OIL 46 DR 208 L EEE,208,L,1,542.68,112876.46,
VAL TURBINE OIL 46 PL 20 L EEE,VALVOLINE TURBINE OIL 46 PL 20 L EEE,20,L,1,523.36,10467.12,
VAL TURBINE OIL 68 DR 208 L EEE,VALVOLINE TURBINE OIL 68 DR 208 L EEE,208,L,1,554.82,115402.65,
VAL TURBINE OIL 68 PL 20 L EEE,VALVOLINE TURBINE OIL 68 PL 20 L EEE,20,L,1,539.55,10790.99,
VAL TURBINE OIL PLUS 32 DR 208 L EEE,VALVOLINE TURBINE OIL PLUS 32 DR 208 L EEE,208,L,1,541.33,112595.78,
VAL TURBINE OIL PLUS 32 PL 20 L EEE,VALVOLINE TURBINE OIL PLUS 32 PL 20 L EEE,20,L,1,588.13,11762.60,
VAL TURBINE OIL PLUS 46 DR 208 L EEE,VALVOLINE TURBINE OIL PLUS 46 DR 208 L EEE,208,L,1,537.28,111753.71,
VAL TURBINE OIL PLUS 46 PL 20 L EEE,VALVOLINE TURBINE OIL PLUS 46 PL 20 L EEE,20,L,1,584.08,11681.63,
VAL TURBINE OIL PLUS 68 DR 208 L EEE,VALVOLINE TURBINE OIL PLUS 68 DR 208 L EEE,208,L,1,546.72,113718.53,
VAL TURBINE OIL PLUS 68 PL 20 L EEE,VALVOLINE TURBINE OIL PLUS 68 PL 20 L EEE,20,L,1,593.53,11870.55,
VAL CLEAN DR 208 L EEE,VALVOLINE CLEAN DR 208 L EEE,208,L,1,675.11,140423.32,
VAL CLEAN PL 20 L EEE,VALVOLINE CLEAN PL 20 L EEE,20,L,1,701.67,14033.48,
VAL ULTRAMAX HVLP 32 DR 208 L EEE,VALVOLINE ULTRAMAX HVLP 32 DR 208 L EEE,208,L,1,499.68,103933.92,
VAL ULTRAMAX HVLP 32 PL 20 L EEE,VALVOLINE ULTRAMAX HVLP 32 PL 20 L EEE,20,L,1,531.64,10632.85,
VAL ULTRAMAX HVLP 46 DR 208 L EEE,VALVOLINE ULTRAMAX HVLP 46 DR 208 L EEE,208,L,1,528.02,109828.36,
VAL ULTRAMAX HVLP 46 PL 20 L EEE,VALVOLINE ULTRAMAX HVLP 46 PL 20 L EEE,20,L,1,541.09,10821.77,
VAL ULTRAMAX HVLP 68 DR 208 L EEE,VALVOLINE ULTRAMAX HVLP 68 DR 208 L EEE,208,L,1,544.02,113157.15,
VAL ULTRAMAX HVLP 68 PL 20 L EEE,VALVOLINE ULTRAMAX HVLP 68 PL 20 L EEE,20,L,1,561.33,11226.61,
VAL ULTRAMAX HLP 32 DR 208 L EEE,VALVOLINE ULTRAMAX HLP 32 DR 208 L EEE,208,L,1,482.04,100265.25,
VAL ULTRAMAX HLP 32 PL 20 L EEE,VALVOLINE ULTRAMAX HLP 32 PL 20 L EEE,20,L,1,526.24,10524.89,
VAL ULTRAMAX HLP 46 DR 208 L EEE,VALVOLINE ULTRAMAX HLP 46 DR 208 L EEE,208,L,1,491.49,102230.06,
VAL ULTRAMAX HLP 46 PL 20 L EEE,VALVOLINE ULTRAMAX HLP 46 PL 20 L EEE,20,L,1,522.10,10442.02,
VAL ULTRAMAX HLP 68 DR 208 L EEE,VALVOLINE ULTRAMAX HLP 68 DR 208 L EEE,208,L,1,513.08,106721.07,
VAL ULTRAMAX HLP 68 PL 20 L EEE,VALVOLINE ULTRAMAX HLP 68 PL 20 L EEE,20,L,1,541.09,10821.77,
VAL HLP 5 DR 208 L EEE,VALVOLINE HLP 5 DR 208 L EEE,208,L,1,597.03,124182.89,
VAL HLP 5 PL 20 L EEE,VALVOLINE HLP 5 PL 20 L EEE,20,L,1,604.51,12090.26,
VAL HLP 10 DR 208 L EEE,VALVOLINE HLP 10 DR 208 L EEE,208,L,1,532.07,110670.42,
VAL HLP 10 PL 20 L EEE,VALVOLINE HLP 10 PL 20 L EEE,20,L,1,581.57,11631.45,
VAL HLP 15 DR 208 L EEE,VALVOLINE HLP 15 DR 208 L EEE,208,L,1,523.97,108986.30,
VAL HLP 15 PL 20 L EEE,VALVOLINE HLP 15 PL 20 L EEE,20,L,1,574.29,11485.85,
VAL HLP 22 DR 208 L EEE,VALVOLINE HLP 22 DR 208 L EEE,208,L,1,518.39,107824.09,
VAL HLP 22 PL 20 L EEE,VALVOLINE HLP 22 PL 20 L EEE,20,L,1,550.35,11006.90,
VAL HLP 32 DR 208 L EEE,VALVOLINE HLP 32 DR 208 L EEE,208,L,1,442.53,92046.38,
VAL HLP 32 PL 20 L EEE,VALVOLINE HLP 32 PL 20 L EEE,20,L,1,458.30,9165.94,
VAL HLP 46 DR 208 L EEE,VALVOLINE HLP 46 DR 208 L EEE,208,L,1,456.03,94853.26,
VAL HLP 46 PL 20 L EEE,VALVOLINE HLP 46 PL 20 L EEE,20,L,1,471.79,9435.83,
VAL HLP 68 DR 208 L EEE,VALVOLINE HLP 68 DR 208 L EEE,208,L,1,485.71,101028.39,
VAL HLP 68 PL 20 L EEE,VALVOLINE HLP 68 PL 20 L EEE,20,L,1,514.97,10299.49,
VAL HLP 100 DR 208 L EEE,VALVOLINE HLP 100 DR 208 L EEE,208,L,1,547.98,113979.48,
VAL HLP 100 PL 20 L EEE,VALVOLINE HLP 100 PL 20 L EEE,20,L,1,579.94,11598.77,
VAL HLP 150 DR 208 L EEE,VALVOLINE HLP 150 DR 208 L EEE,208,L,1,553.38,115102.23,
VAL HLP 150 PL 20 L EEE,VALVOLINE HLP 150 PL 20 L EEE,20,L,1,601.53,12030.59,
VAL HLP 320 DR 208 L EEE,VALVOLINE HLP 320 DR 208 L EEE,208,L,1,565.52,117628.42,
VAL HLP 320 PL 20 L EEE,VALVOLINE HLP 320 PL 20 L EEE,20,L,1,583.99,11679.73,
VAL HVLP 15 DR 208 L EEE,VALVOLINE HVLP 15 DR 208 L EEE,208,L,1,540.17,112354.55,
VAL HVLP 15 PL 20 L EEE,VALVOLINE HVLP 15 PL 20 L EEE,20,L,1,572.13,11442.52,
VAL HVLP 22 DR 208 L EEE,VALVOLINE HVLP 22 DR 208 L EEE,208,L,1,509.13,105898.73,
VAL HVLP 22 PL 20 L EEE,VALVOLINE HVLP 22 PL 20 L EEE,20,L,1,539.74,10794.78,
VAL HVLP 32 DR 208 L EEE,VALVOLINE HVLP 32 DR 208 L EEE,208,L,1,499.68,103933.92,
VAL HVLP 32 PL 20 L EEE,VALVOLINE HVLP 32 PL 20 L EEE,20,L,1,518.15,10362.95,
VAL HVLP 46 DR 208 L EEE,VALVOLINE HVLP 46 DR 208 L EEE,208,L,1,464.12,96537.39,
VAL HVLP 46 PL 20 L EEE,VALVOLINE HVLP 46 PL 20 L EEE,20,L,1,479.89,9597.77,
VAL HVLP 68 DR 208 L EEE,VALVOLINE HVLP 68 DR 208 L EEE,208,L,1,503.26,104677.33,
VAL HVLP 68 PL 20 L EEE,VALVOLINE HVLP 68 PL 20 L EEE,20,L,1,535.22,10704.33,
VAL HVLP 100 DR 208 L EEE,VALVOLINE HVLP 100 DR 208 L EEE,208,L,1,580.56,120755.45,
VAL HVLP 100 PL 20 L EEE,VALVOLINE HVLP 100 PL 20 L EEE,20,L,1,594.97,11899.44,
VAL HVLP 150 DR 208 L EEE,VALVOLINE HVLP 150 DR 208 L EEE,208,L,1,584.60,121597.51,
VAL HVLP 150 PL 20 L EEE,VALVOLINE HVLP 150 PL 20 L EEE,20,L,1,615.21,12304.28,
VAL HVLP 220 DR 208 L EEE,VALVOLINE HVLP 220 DR 208 L EEE,208,L,1,523.88,108966.57,
VAL HVLP 220 PL 20 L EEE,VALVOLINE HVLP 220 PL 20 L EEE,20,L,1,561.24,11224.71,
VAL ZF HLP 46 DR 208 L EEE,VALVOLINE ZF HLP 46 DR 208 L EEE,208,L,1,549.52,114299.63,
VAL ZF HLP 46 PL 20 L EEE,VALVOLINE ZF HLP 46 PL 20 L EEE,20,L,1,581.48,11629.55,
VAL ZF HLP 68 DR 208 L EEE,VALVOLINE ZF HLP 68 DR 208 L EEE,208,L,1,560.31,116545.13,
VAL ZF HLP 68 PL 20 L EEE,VALVOLINE ZF HLP 68 PL 20 L EEE,20,L,1,592.27,11845.46,
VAL HLPD C-10 DR 208 L EEE,VALVOLINE HLPD C-10 DR 208 L EEE,208,L,1,552.22,114861.01,
VAL HLPD C-10 PL 20 L EEE,VALVOLINE HLPD C-10 PL 20 L EEE,20,L,1,584.18,11683.53,
VAL HLPD 46 DR 208 L EEE,VALVOLINE HLPD 46 DR 208 L EEE,208,L,1,557.61,115983.76,
VAL HLPD 46 PL 20 L EEE,VALVOLINE HLPD 46 PL 20 L EEE,20,L,1,589.57,11791.48,
VAL STOU 10W30 DR 208 L EEE,VALVOLINE STOU 10W30 DR 208 L EEE,208,L,1,608.89,126649.89,
VAL STOU 10W30 PL 20 L EEE,VALVOLINE STOU 10W30 PL 20 L EEE,20,L,1,640.85,12817.07,
VAL STOU 15W40 DR 208 L EEE,VALVOLINE STOU 15W40 DR 208 L EEE,208,L,1,614.29,127772.64,
VAL STOU 15W40 PL 20 L EEE,VALVOLINE STOU 15W40 PL 20 L EEE,20,L,1,646.25,12925.03,
VAL UTTO DR 208 L EEE,VALVOLINE UTTO DR 208 L EEE,208,L,1,568.32,118209.53,
VAL UTTO PL 20 L EEE,VALVOLINE UTTO PL 20 L EEE,20,L,1,580.22,11604.46,
VAL DT TRANSMISSION 10W DR 208 L EEE,VALVOLINE DT TRANSMISSION 10W DR 208 L EEE,208,L,1,569.85,118529.68,
VAL DT TRANSMISSION 10W PL 20 L EEE,VALVOLINE DT TRANSMISSION 10W PL 20 L EEE,20,L,1,612.61,12252.20,
VAL DT TRANSMISSION 30 DR 208 L EEE,VALVOLINE DT TRANSMISSION 30 DR 208 L EEE,208,L,1,580.65,120775.18,
VAL DT TRANSMISSION 30 PL 20 L EEE,VALVOLINE DT TRANSMISSION 30 PL 20 L EEE,20,L,1,623.41,12468.11,
VAL SEMI FLUID 00 GRS DR 180 KG EEE,VALVOLINE SEMI FLUID 00 GRS DR 180 KG EEE,,,1,821.87,0.00,
VAL SEMI FLUID 00 GRS KE 45 KG EEE,VALVOLINE SEMI FLUID 00 GRS KE 45 KG EEE,,,1,915.77,0.00,
VAL SEMI FLUID 00 GRS PL 18 KG EEE,VALVOLINE SEMI FLUID 00 GRS PL 18 KG EEE,,,1,852.48,0.00,
VAL SEMI FLUID 00 GRS 2/5 KG EEE,VALVOLINE SEMI FLUID 00 GRS 2/5 KG EEE,,,1,858.97,0.00,
VAL MPURP LITHIUM 1 GRS DR 180 KG EEE,VALVOLINE MPURP LITHIUM 1 GRS DR 180 KG EEE,,,1,823.22,0.00,
VAL MPURP LITHIUM 1 GRS PL 18 KG EEE,VALVOLINE MPURP LITHIUM 1 GRS PL 18 KG EEE,,,1,853.83,0.00,
VAL MPURP LITHIUM 2 GRS DR 180 KG EEE,VALVOLINE MPURP LITHIUM 2 GRS DR 180 KG EEE,,,1,844.81,0.00,
VAL MPURP LITHIUM 2 GRS KE 45 KG EEE,VALVOLINE MPURP LITHIUM 2 GRS KE 45 KG EEE,,,1,946.81,0.00,
VAL MPURP LITHIUM 2 GRS PL 18 KG EEE,VALVOLINE MPURP LITHIUM 2 GRS PL 18 KG EEE,,,1,875.42,0.00,
VAL MPURP LITHIUM 2 GRS 4/4 KG EEE,VALVOLINE MPURP LITHIUM 2 GRS 4/4 KG EEE,,,1,857.21,0.00,
VAL MPURP LITHIUM 2 GRS 20/800 G EEE,VALVOLINE MPURP LITHIUM 2 GRS 20/800 G EEE,,,1,784.25,0.00,
VAL MPURP LITHIUM 2 GRS 25/400 G EEE,VALVOLINE MPURP LITHIUM 2 GRS 25/400 G EEE,,,1,537.29,0.00,
VAL MPURP LITHIUM 2 GRS 24/400G EEE,VALVOLINE MPURP LITHIUM 2 GRS 24/400G EEE,,,1,537.29,0.00,
VAL MPURP LITHIUM 3 GRS DR 180 KG EEE,VALVOLINE MPURP LITHIUM 3 GRS DR 180 KG EEE,,,1,881.25,0.00,
VAL MPURP LITHIUM 3 GRS PL 18 KG EEE,VALVOLINE MPURP LITHIUM 3 GRS PL 18 KG EEE,,,1,905.11,0.00,
VAL MPURP LITHIUM 3 GRS 4/4 KG EEE,VALVOLINE MPURP LITHIUM 3 GRS 4/4 KG EEE,,,1,873.40,0.00,
VAL MPURP LITHIUM 3 GRS 20/800 G EEE,VALVOLINE MPURP LITHIUM 3 GRS 20/800 G EEE,,,1,791.00,0.00,
VAL MP LITHIUM EP 1 GRS DR 180 KG EEE,VALVOLINE MP LITHIUM EP 1 GRS DR 180 KG EEE,,,1,865.05,0.00,
VAL MP LITHIUM EP 1 GRS PL 18 KG EEE,VALVOLINE MP LITHIUM EP 1 GRS PL 18 KG EEE,,,1,895.67,0.00,
VAL MPURP LITHIUM EP 2 GRS DR 180 KG EEE,VALVOLINE MPURP LITHIUM EP 2 GRS DR 180 KG EEE,,,1,877.20,0.00,
VAL MPURP LITHIUM EP 2 GRS KE 45 KG EEE,VALVOLINE MPURP LITHIUM EP 2 GRS KE 45 KG EEE,,,1,969.75,0.00,
VAL MPURP LITHIUM EP 2 GRS PL 18 KG EEE,VALVOLINE MPURP LITHIUM EP 2 GRS PL 18 KG EEE,,,1,907.81,0.00,
VAL MPURP LITHIUM EP 2 GRS 2/5 KG EEE,VALVOLINE MPURP LITHIUM EP 2 GRS 2/5 KG EEE,,,1,912.94,0.00,
VAL MPURP LITHIUM EP 2 GRS 4/4 KG EEE,VALVOLINE MPURP LITHIUM EP 2 GRS 4/4 KG EEE,,,1,861.26,0.00,
VAL MPURP LITH EP 2 GRS 20/800 G V2 EEE,VALVOLINE MPURP LITH EP 2 GRS 20/800 G V2 EEE,,,1,817.99,0.00,
VAL MPURP LITHIUM EP2 GRS 24/400G V2 EEE,VALVOLINE MPURP LITHIUM EP2 GRS 24/400G V2 EEE,,,1,576.43,0.00,
VAL MPURP LITH EP 2 GRS 12/400 G LS EEE,VALVOLINE MPURP LITH EP 2 GRS 12/400 G LS EEE,,,1,572.38,0.00,
VAL MP LITHIUM EP-X 2 GRS DR 180 KG EEE,VALVOLINE MP LITHIUM EP-X 2 GRS DR 180 KG EEE,,,1,878.55,0.00,
VAL MP LITHIUM EP-X 2 GRS PL 18 KG EEE,VALVOLINE MP LITHIUM EP-X 2 GRS PL 18 KG EEE,,,1,906.46,0.00,
VAL MP LITHIUM EP 3 GRS DR 180 KG EEE,VALVOLINE MP LITHIUM EP 3 GRS DR 180 KG EEE,,,1,910.94,0.00,
VAL MP LITHIUM EP 3 GRS PL 18 KG EEE,VALVOLINE MP LITHIUM EP 3 GRS PL 18 KG EEE,,,1,932.10,0.00,
VAL MPURP SYNTHETIC 2 GRS PL 18 KG EEE,VALVOLINE MPURP SYNTHETIC 2 GRS PL 18 KG EEE,,,1,1438.15,0.00,
VAL MPURP SYNTHETIC 2 GRS 24/400G EEE,VALVOLINE MPURP SYNTHETIC 2 GRS 24/400G EEE,,,1,778.85,0.00,
VAL MP COMPLEX RED 0 GRS DR 180 KG EEE,VALVOLINE MP COMPLEX RED 0 GRS DR 180 KG EEE,,,1,960.87,0.00,
VAL MP COMPLEX RED 0 GRS PL 18 KG EEE,VALVOLINE MP COMPLEX RED 0 GRS PL 18 KG EEE,,,1,986.08,0.00,
VAL MP COMPLEX RED 1 GRS DR 180 KG EEE,VALVOLINE MP COMPLEX RED 1 GRS DR 180 KG EEE,,,1,995.95,0.00,
VAL MP COMPLEX RED 1 GRS PL 18 KG EEE,VALVOLINE MP COMPLEX RED 1 GRS PL 18 KG EEE,,,1,1018.47,0.00,
VAL MPURP COMPLEX RED 2 DR 180 KG EEE,VALVOLINE MPURP COMPLEX RED 2 DR 180 KG EEE,,,1,1058.03,0.00,
VAL MPURP COMPLEX RED 2 GRS KE 45 KG EEE,VALVOLINE MPURP COMPLEX RED 2 GRS KE 45 KG EEE,,,1,1201.86,0.00,
VAL MPURP COMPLEX RED 2 GRS PL 18 KG EEE,VALVOLINE MPURP COMPLEX RED 2 GRS PL 18 KG EEE,,,1,1089.99,0.00,
VAL MPURP COMPLEX RED 2 GRS 4/4 KG EEE,VALVOLINE MPURP COMPLEX RED 2 GRS 4/4 KG EEE,,,1,1092.01,0.00,
VAL MPURP COMPLEX RED 2 20/800 G V2 EEE,VALVOLINE MPURP COMPLEX RED 2 20/800 G V2 EEE,,,1,1092.57,0.00,
VAL MPURP COMPLEX RED 2 24/400G V2 EEE,VALVOLINE MPURP COMPLEX RED 2 24/400G V2 EEE,,,1,650.65,0.00,
VAL MPURP COMPLEX RED 2 12/400 G LS EEE,VALVOLINE MPURP COMPLEX RED 2 12/400 G LS EEE,,,1,641.20,0.00,
VAL MP COMPLEX RED 3 GRS DR 180 KG EEE,VALVOLINE MP COMPLEX RED 3 GRS DR 180 KG EEE,,,1,1070.17,0.00,
VAL MP COMPLEX RED 3 GRS PL 18 KG EEE,VALVOLINE MP COMPLEX RED 3 GRS PL 18 KG EEE,,,1,1100.78,0.00,
VAL MULTIPURPOSE 2 GREASE DR 180 KG EEE,VALVOLINE MULTIPURPOSE 2 GREASE DR 180 KG EEE,,,1,816.47,0.00,
VAL MULTIPURPOSE 2 GREASE PL 18 KG EEE,VALVOLINE MULTIPURPOSE 2 GREASE PL 18 KG EEE,,,1,847.08,0.00,
VAL MULTIPURPOSE 2 GREASE 4/4 KG EEE,VALVOLINE MULTIPURPOSE 2 GREASE 4/4 KG EEE,,,1,851.81,0.00,
VAL MULTIPURPOSE 2 GRS 24/400 G EEE,VALVOLINE MULTIPURPOSE 2 GRS 24/400 G EEE,,,1,516.77,0.00,
VAL MULTIPURPOSE 2 GREASE 25/400G EEE,VALVOLINE MULTIPURPOSE 2 GREASE 25/400G EEE,,,1,553.49,0.00,
VAL MPURP MOLY 2 GRS DR 180 KG EEE,VALVOLINE MPURP MOLY 2 GRS DR 180 KG EEE,,,1,904.19,0.00,
VAL MPURP MOLY 2 GRS KE 45 KG EEE,VALVOLINE MPURP MOLY 2 GRS KE 45 KG EEE,,,1,1033.17,0.00,
VAL MPURP MOLY 2 GRS PL 18 KG EEE,VALVOLINE MPURP MOLY 2 GRS PL 18 KG EEE,,,1,936.15,0.00,
VAL MPURP MOLY 2 GRS 2/5 KG EEE,VALVOLINE MPURP MOLY 2 GRS 2/5 KG EEE,,,1,894.05,0.00,
VAL MPURP MOLY 2 GRS 4/4 KG EEE,VALVOLINE MPURP MOLY 2 GRS 4/4 KG EEE,,,1,894.99,0.00,
VAL MPURP MOLY 2 GRS 25/400 G V2 EEE,VALVOLINE MPURP MOLY 2 GRS 25/400 G V2 EEE,,,1,614.21,0.00,
VAL MPURP MOLY 2 GRS 24/400G V2 EEE,VALVOLINE MPURP MOLY 2 GRS 24/400G V2 EEE,,,1,614.21,0.00,
VAL MPURP MOLY 2 PLUS GRS DR 180 KG EEE,VALVOLINE MPURP MOLY 2 PLUS GRS DR 180 KG EEE,,,1,960.87,0.00,
VAL MPURP MOLY 2 PLUS GRS PL 18 KG EEE,VALVOLINE MPURP MOLY 2 PLUS GRS PL 18 KG EEE,,,1,991.48,0.00,
VAL MPURP MOLY 2 PLUS GRS 4/4 KG EEE,VALVOLINE MPURP MOLY 2 PLUS GRS 4/4 KG EEE,,,1,967.33,0.00,
VAL MPURP MOLY 2 PLUS GRS 24/400G V2 EEE,VALVOLINE MPURP MOLY 2 PLUS GRS 24/400G V2 EEE,,,1,641.20,0.00,
VAL MPURP CALCIUM 2 GRS DR 180 KG EEE,VALVOLINE MPURP CALCIUM 2 GRS DR 180 KG EEE,,,1,689.62,0.00,
VAL MPURP CALCIUM 2 GRS KE 45 KG EEE,VALVOLINE MPURP CALCIUM 2 GRS KE 45 KG EEE,,,1,726.85,0.00,
VAL MPURP CALCIUM 2 GRS PL 18 KG EEE,VALVOLINE MPURP CALCIUM 2 GRS PL 18 KG EEE,,,1,722.93,0.00,
VAL MPURP CALCIUM 2 GRS 2/5 KG EEE,VALVOLINE MPURP CALCIUM 2 GRS 2/5 KG EEE,,,1,786.09,0.00,
VAL MPURP CALCIUM 2 GRS 4/4 KG EEE,VALVOLINE MPURP CALCIUM 2 GRS 4/4 KG EEE,,,1,787.04,0.00,
VAL MPURP CALCIUM 2 GRS 20/800 G EEE,VALVOLINE MPURP CALCIUM 2 GRS 20/800 G EEE,,,1,750.51,0.00,
VAL MPURP CALCIUM 2 GRS 25/400 G EEE,VALVOLINE MPURP CALCIUM 2 GRS 25/400 G EEE,,,1,533.25,0.00,
VAL MPURP CALCIUM 2 GRS 24/400G EEE,VALVOLINE MPURP CALCIUM 2 GRS 24/400G EEE,,,1,533.25,0.00,
VAL MPURP LICAL 2/3 GRS DR 180 KG EEE,VALVOLINE MPURP LICAL 2/3 GRS DR 180 KG EEE,,,1,906.89,0.00,
VAL MPURP LICAL 2/3 GRS KE 45 KG EEE,VALVOLINE MPURP LICAL 2/3 GRS KE 45 KG EEE,,,1,1008.88,0.00,
VAL MPURP LICAL 2/3 GRS PL 18 KG EEE,VALVOLINE MPURP LICAL 2/3 GRS PL 18 KG EEE,,,1,937.50,0.00,
VAL MPURP LICAL 2/3 GRS 2/5 KG EEE,VALVOLINE MPURP LICAL 2/3 GRS 2/5 KG EEE,,,1,943.98,0.00,
VAL MPURP LICAL 2/3 GRS 4/4 KG EEE,VALVOLINE MPURP LICAL 2/3 GRS 4/4 KG EEE,,,1,892.29,0.00,
VAL MPURP LICAL 2/3 GRS 24/400G EEE,VALVOLINE MPURP LICAL 2/3 GRS 24/400G EEE,,,1,585.87,0.00,
VAL MPURP LICAL 2/3 GRS 12/400 G LS EEE,VALVOLINE MPURP LICAL 2/3 GRS 12/400 G LS EEE,,,1,583.18,0.00,
VAL MARINE CALCIUM 2 GRS DR 180 KG EEE,VALVOLINE MARINE CALCIUM 2 GRS DR 180 KG EEE,,,1,890.69,0.00,
VAL MARINE CALCIUM 2 GRS PL 18 KG EEE,VALVOLINE MARINE CALCIUM 2 GRS PL 18 KG EEE,,,1,926.70,0.00,
VAL MARINE CALCIUM 2 GRS 25/400 G EEE,VALVOLINE MARINE CALCIUM 2 GRS 25/400 G EEE,,,1,639.85,0.00,
VAL MARINE CALCIUM 2 GRS 24/400G EEE,VALVOLINE MARINE CALCIUM 2 GRS 24/400G EEE,,,1,639.85,0.00,
VAL EARTH LITHIUM 2 GRS DR 180 KG EEE,VALVOLINE EARTH LITHIUM 2 GRS DR 180 KG EEE,,,1,931.18,0.00,
VAL EARTH LITHIUM 2 GRS PL 18 KG EEE,VALVOLINE EARTH LITHIUM 2 GRS PL 18 KG EEE,,,1,955.04,0.00,
VAL EARTH LITHIUM 2 GRS 24/400G EEE,VALVOLINE EARTH LITHIUM 2 GRS 24/400G EEE,,,1,626.36,0.00,
VAL INDUSTRY CALSUL 2 GRS DR 180 KG EEE,VALVOLINE INDUSTRY CALSUL 2 GRS DR 180 KG EEE,,,1,1584.02,0.00,
VAL INDUSTRY CALSUL 2 GRS PL 18 KG EEE,VALVOLINE INDUSTRY CALSUL 2 GRS PL 18 KG EEE,,,1,1634.02,0.00,
VAL INDUSTRY CALSUL 2 GRS 4/4 KG EEE,VALVOLINE INDUSTRY CALSUL 2 GRS 4/4 KG EEE,,,1,1673.41,0.00,
VAL INDUSTRY CALSUL 2 25/400G V2 EEE,VALVOLINE INDUSTRY CALSUL 2 25/400G V2 EEE,,,1,772.96,0.00,
VAL INDUSTRY CALSUL 2 24/400G EEE,VALVOLINE INDUSTRY CALSUL 2 24/400G EEE,,,1,772.96,0.00,
VAL INDUSTRY CALSUL 2 12/400G LS EEE,VALVOLINE INDUSTRY CALSUL 2 12/400G LS EEE,,,1,802.59,0.00,
INDUSTRY CALSUL ST 1.5 GRS DR 180 KG EEE,VALVOLINE INDUSTRY CALSUL ST 1.5 GRS DR 180 KG EEE,,,1,1287.68,0.00,
INDUSTRY CALSUL ST 1.5 GRS PL 18 KG EEE,VALVOLINE INDUSTRY CALSUL ST 1.5 GRS PL 18 KG EEE,,,1,1337.69,0.00,
INDUSTRY CALSUL ST 1.5 GRS 4/4 KG EEE,VALVOLINE INDUSTRY CALSUL ST 1.5 GRS 4/4 KG EEE,,,1,1377.08,0.00,
INDUSTRY CALSUL ST 1.5 GRS 25/400G EEE,VALVOLINE INDUSTRY CALSUL ST 1.5 GRS 25/400G EEE,,,1,751.86,0.00,
INDUSTRY CALSUL 1.5 GRS DR 180 KG EEE,VALVOLINE INDUSTRY CALSUL 1.5 GRS DR 180 KG EEE,,,1,1253.90,0.00,
INDUSTRY CALSUL 1.5 GRSPL 18 KG EEE,VALVOLINE INDUSTRY CALSUL 1.5 GRSPL 18 KG EEE,,,1,1291.45,0.00,
INDUSTRY CALSUL 1.5 GRS 4/4 KG EEE,VALVOLINE INDUSTRY CALSUL 1.5 GRS 4/4 KG EEE,,,1,1293.48,0.00,
INDUSTRY CALSUL 1.5 GRS 24/400G EEE,VALVOLINE INDUSTRY CALSUL 1.5 GRS 24/400G EEE,,,1,783.06,0.00,
INDUSTRY CALSUL MOLY PT 2 DR 180 KG EEE,VALVOLINE INDUSTRY CALSUL MOLY PT 2 DR 180 KG EEE,,,1,1395.91,0.00,
INDUSTRY CALSUL MOLY PT 2 PL 18 KG EEE,VALVOLINE INDUSTRY CALSUL MOLY PT 2 PL 18 KG EEE,,,1,1690.71,0.00,
INDUSTRY CALSUL MOLY PT 2 4/4 KG EEE,VALVOLINE INDUSTRY CALSUL MOLY PT 2 4/4 KG EEE,,,1,1485.30,0.00,
INDUSTRY CALSUL MOLY PT 2 25/400G EEE,VALVOLINE INDUSTRY CALSUL MOLY PT 2 25/400G EEE,,,1,792.34,0.00,
INDUSTRY CALSUL MOLY PT 2 24/400G EEE,VALVOLINE INDUSTRY CALSUL MOLY PT 2 24/400G EEE,,,1,792.34,0.00,
VAL INDUSTRY CALSUL MOLY 2 DR 180 KG EEE,VALVOLINE INDUSTRY CALSUL MOLY 2 DR 180 KG EEE,,,1,1131.78,0.00,
VAL INDUSTRY CALSUL MOLY 2 PL 18 KG EEE,VALVOLINE INDUSTRY CALSUL MOLY 2 PL 18 KG EEE,,,1,1184.36,0.00,
VAL INDUSTRY CALSUL MOLY 2 4/4 KG EEE,VALVOLINE INDUSTRY CALSUL MOLY 2 4/4 KG EEE,,,1,1223.75,0.00,
VAL INDUSTRY CALSUL MOLY 2 25/400G EEE,VALVOLINE INDUSTRY CALSUL MOLY 2 25/400G EEE,,,1,711.37,0.00,
VAL INDUSTRY CALSUL MOLY 2 24/400G EEE,VALVOLINE INDUSTRY CALSUL MOLY 2 24/400G EEE,,,1,711.37,0.00,
VAL EARTH OPEN GEAR 3 GRS DR 180 KG EEE,VALVOLINE EARTH OPEN GEAR 3 GRS DR 180 KG EEE,,,1,1029.69,0.00,
VAL EARTH OPEN GEAR 3 GRS PL 18 KG EEE,VALVOLINE EARTH OPEN GEAR 3 GRS PL 18 KG EEE,,,1,1060.30,0.00,
VAL EARTH OPEN GEAR 0 GRS DR 180 KG EEE,VALVOLINE EARTH OPEN GEAR 0 GRS DR 180 KG EEE,,,1,1055.76,0.00,
VAL EARTH OPEN GEAR 0 GRS PL 18 KG EEE,VALVOLINE EARTH OPEN GEAR 0 GRS PL 18 KG EEE,,,1,1105.77,0.00,
VAL INDUSTRY BT 2 GRS DR 180 KG EEE,VALVOLINE INDUSTRY BT 2 GRS DR 180 KG EEE,,,1,932.53,0.00,
VAL INDUSTRY BT 2 GRS PL 18 KG EEE,VALVOLINE INDUSTRY BT 2 GRS PL 18 KG EEE,,,1,976.63,0.00,
VAL FOOD CALSUL 2 GRS DR 180 KG EEE,VALVOLINE FOOD CALSUL 2 GRS DR 180 KG EEE,,,1,1227.12,0.00,
VAL FOOD CALSUL 2 GRS KE 45 KG EEE,VALVOLINE FOOD CALSUL 2 GRS KE 45 KG EEE,,,1,1327.36,0.00,
VAL FOOD CALSUL 2 GRS PL 18 KG EEE,VALVOLINE FOOD CALSUL 2 GRS PL 18 KG EEE,,,1,1275.84,0.00,
VAL FOOD CALSUL 2 GRS 4/4 KG EEE,VALVOLINE FOOD CALSUL 2 GRS 4/4 KG EEE,,,1,1316.52,0.00,
VAL FOOD CALSUL 2 GRS 20/800 G EEE,VALVOLINE FOOD CALSUL 2 GRS 20/800 G EEE,,,1,1157.10,0.00,
VAL FOOD CALSUL 2 GRS 25/400G EEE,VALVOLINE FOOD CALSUL 2 GRS 25/400G EEE,,,1,772.10,0.00,
VAL FOOD CALSUL 2 GRS 24/400G EEE,VALVOLINE FOOD CALSUL 2 GRS 24/400G EEE,,,1,772.10,0.00,
VAL FOOD ALUCOM 0 GRS DR 180 KG EEE,VALVOLINE FOOD ALUCOM 0 GRS DR 180 KG EEE,,,1,1630.40,0.00,
VAL FOOD ALUCOM 0 GRS PL 18 KG EEE,VALVOLINE FOOD ALUCOM 0 GRS PL 18 KG EEE,,,1,1679.12,0.00,
VAL FOOD ALUCOM 2 GRS DR 180 KG EEE,VALVOLINE FOOD ALUCOM 2 GRS DR 180 KG EEE,,,1,1520.88,0.00,
VAL FOOD ALUCOM 2 GRS KE 45 KG EEE,VALVOLINE FOOD ALUCOM 2 GRS KE 45 KG EEE,,,1,1551.30,0.00,
VAL FOOD ALUCOM 2 GRS PL 18 KG EEE,VALVOLINE FOOD ALUCOM 2 GRS PL 18 KG EEE,,,1,1570.89,0.00,
VAL FOOD ALUCOM 2 GRS 4/4 KG EEE,VALVOLINE FOOD ALUCOM 2 GRS 4/4 KG EEE,,,1,1610.28,0.00,
VAL FOOD ALUCOM 2 GRS 20/800 G EEE,VALVOLINE FOOD ALUCOM 2 GRS 20/800 G EEE,,,1,1391.59,0.00,
VAL FOOD ALUCOM 2 GRS 25/400G EEE,VALVOLINE FOOD ALUCOM 2 GRS 25/400G EEE,,,1,805.84,0.00,
VAL FOOD ALUCOM 2 GRS 24/400G EEE,VALVOLINE FOOD ALUCOM 2 GRS 24/400G EEE,,,1,805.84,0.00,
VAL BIO LICAL 00 GRS DR 180 KG EEE,VALVOLINE BIO LICAL 00 GRS DR 180 KG EEE,,,1,908.24,0.00,
VAL BIO LICAL 00 GRS PL 18 KG EEE,VALVOLINE BIO LICAL 00 GRS PL 18 KG EEE,,,1,952.45,0.00,
VAL BIO LICAL 2 GRS DR 180 KG EEE,VALVOLINE BIO LICAL 2 GRS DR 180 KG EEE,,,1,908.24,0.00,
VAL BIO LICAL 2 GRS PL 18 KG EEE,VALVOLINE BIO LICAL 2 GRS PL 18 KG EEE,,,1,952.45,0.00,
VAL BIO LICAL 2 GRS 4/4 KG EEE,VALVOLINE BIO LICAL 2 GRS 4/4 KG EEE,,,1,991.84,0.00,
VAL BIO LICAL 2 25/400G EEE,VALVOLINE BIO LICAL 2 25/400G EEE,,,1,657.40,0.00,
VAL BIO LICAL 2 GRS 24/400G EEE,VALVOLINE BIO LICAL 2 GRS 24/400G EEE,,,1,650.65,0.00,
VAL BIO LICAL 1 GRS DR 180 KG EEE,VALVOLINE BIO LICAL 1 GRS DR 180 KG EEE,,,1,908.24,0.00,
VAL BIO LICAL 1 GRS PL 18 KG EEE,VALVOLINE BIO LICAL 1 GRS PL 18 KG EEE,,,1,952.45,0.00,
VAL ENDURANCE LITH EP 2 GRS DR 180KG EEE,VALVOLINE ENDURANCE LITH EP 2 GRS DR 180KG EEE,,,1,894.74,0.00,
VAL ENDURANCE LITH EP 2 GRS PL 18 KG EEE,VALVOLINE ENDURANCE LITH EP 2 GRS PL 18 KG EEE,,,1,932.10,0.00,
VAL ENDURANCE LITH EP 2 GRS 4/4 KG EEE,VALVOLINE ENDURANCE LITH EP 2 GRS 4/4 KG EEE,,,1,934.13,0.00,
VAL ENDURANCE LITH EP 2 GRS 20/800 G EEE,VALVOLINE ENDURANCE LITH EP 2 GRS 20/800 G EEE,,,1,838.23,0.00,
VAL ENDURANCE LITH EP 2 GRS 24/400G EEE,VALVOLINE ENDURANCE LITH EP 2 GRS 24/400G EEE,,,1,643.90,0.00,
VAL ALL CLIMATE SR 10W40 DR 208 L EEE,VALVOLINE ALL CLIMATE SR 10W40 DR 208 L EEE,208,L,1,471.83,98141.30,
VAL ALL CLIMATE SR 10W40 PL 20 L EEE,VALVOLINE ALL CLIMATE SR 10W40 PL 20 L EEE,20,L,1,514.47,10289.46,
PREMIUM BLUE 7800 15W40 DR 208 L EEE,VALVOLINE PREMIUM BLUE 7800 15W40 DR 208 L EEE,208,L,1,590.10,122739.99,
PREMIUM BLUE 7800 15W40 PL 20 L,VALVOLINE PREMIUM BLUE 7800 15W40 PL 20 L,20,L,1,632.85,12657.04,
